topic,advice
"ะะดะพัะพะฒัะต","๐ฎะงัะพ ะบะฐัะฐะตััั ะทะดะพัะพะฒัั, ะผะพะน ัะพะฒะตั ะทะฐะบะปััะฐะตััั ะฒ ัะพะผ, ััะพะฑั ััะธัะฐัั ัะฒะพะต ัะตะปะพ ัะตะฝะฝะตะนัะธะผ."
"ะััะพะดะฝัะต","๐ฎะงัะพ ะฑั ะฝะธ ัะปััะธะปะพัั, ะดะตะปะธัั ั ะดััะทััะผะธ."
ะััะตัะตััะฒะธั,๐ฎะัะฟัะฐะฒััั ะฒ ะฟััั!
ะะดะพัะพะฒัะต,๐ฎะัะดะพัะฝััั ะฟะพัะปะต ัะฐะฑะพัั โ ััะพ ะทะฝะฐัะธั ะทะฐะฑะพัะธัััั ะพ ัะฒะพัะผ ะทะดะพัะพะฒัะต.
"ะงัะพ ะฟัะธะณะพัะพะฒะธัั","๐ฎะะพะถะตั, ะฟะธััั?"
"ะะดะฐ","๐ฎะัะบัะพะน ะฒะบััะฝะตะนััั ะตะดั, ะธ ัั ัะทะฝะฐะตัั ะฒะบัั ะธััะธะฝะฝะพะน ะดััะถะฑั."
"ะะฐััะตัะฐ","๐ฎะัะบัะพะน ะดะปั ัะตะฑั ัะฐะนะฝั ัะฒะพะธั ัััะฐััะตะน, ะธ ัะฒะพั ะบะฐััะตัะฐ ะฝะฐะนะดัั ะฟััั ะบ ัะตะฑะต."
"ะััะถะฑะฐ","๐ฎะััะถะฑะฐ ะบะฐะบ ะฟะปะฐะผั โ ัะพ ะณะพัะธั ััะบะพ, ัะพ ัะณะฐัะฐะตั."
"ะััะถะฑะฐ","๐ฎะัะฝะพัะตะฝะธั ะผะตะถะดั ะปัะดัะผะธ โ ะบะฐะบ ะณัะฐะฒะธัะฐัะธั: ะฝะตัะปะพะฒะธะผะพ, ะฝะพ ะฒัะตะณะดะฐ ะฟัะธัััััะฒัะตั."
ะกะปะพะถะฝะพะต ัะตัะตะฝะธะต,๐ฎะัะฟัะฐะฒั ัะฒะพะธ ะฟัะพะฑะปะตะผั ะฒ ะฟัะพัะปะพะต.
ะะดะพัะพะฒัะต,๐ฎะะฐะฑะพัะธัััั ะพ ัะฒะพัะผ ะทะดะพัะพะฒัะต โ ััะพ ะทะฐะปะพะณ ะดะพะปะณะพะปะตัะธั.
ะััะพะดะฝัะต,๐ฎะัะพะฒะตะดะธ ะฒััะพะดะฝัะต ะฒะฝะต ะดะพััะณะฐะตะผะพััะธ ัะตะปะตัะพะฝะฐ.
ะะดะพัะพะฒัะต,๐ฎะัะดัั โ ััะพ ะปะตะบะฐัััะฒะพ ะดะปั ะทะดะพัะพะฒัั.
ะะดะพัะพะฒัะต,๐ฎะัะดะพัะฝััั โ ััะพ ะบะปัั ะบ ะทะดะพัะพะฒัั.
"ะััะตัะตััะฒะธั","๐ฎะัััั ัะฒะพะธ ะฟััะตัะตััะฒะธั ะฑัะดัั ะฑะพะปะตะต ะธะฝัะตัะตัะฝัะผะธ, ัะตะผ ะฟะพัะปะตะดะฝะธะน ัะฟะธะทะพะด ะปัะฑะธะผะพะณะพ ัะฒะพะตะณะพ ัะตัะธะฐะปะฐ."
"ะะดะฐ","๐ฎะะดะฐ โ ััะพ ะฝะต ัะพะปัะบะพ ัะพ, ััะพ ะผั ะตะดะธะผ."
ะกะปะพะถะฝะพะต ัะตัะตะฝะธะต,๐ฎะกะดะตะปะฐะน ััะพ ะฒะดะฒะพะตะผ.
"ะะฟัั","๐ฎะะฟัั โ ััะพ ััะธัะตะปั ะถะธะทะฝะธ. ะะต ะฑะพะนัั ัะดะตะปะฐัั ะพัะธะฑะบั, ะฒะตะดั ะบะฐะถะดัะน ัะฐะณ โ ััะพ ะฒะพะทะผะพะถะฝะพััั ะฒัััะธัั ััะพะบ."
"ะะฐััะตัะฐ","๐ฎะัะบัะพะน ะดะปั ัะตะฑั ะฝะพะฒัะต ะณะพัะธะทะพะฝัั, ะธัะธ ัะฐะนะฝั, ะบะพัะพััะต ัะบัััั ะฒ ะณะปัะฑะธะฝะต ะบะฐััะตัั."
ะกะตะผัั,๐ฎะัะบัะพะน ััะฝะดััะพะบ ัะตะผะตะนะฝัั ัะฐะนะฝ.
"ะะตะฝัะณะธ","๐ฎะะตะฝัะณะธ โ ััะพ ะฝะต ัะฐะฝั, ะฐ ััะตะดััะฒะพ. ะะพ ะฝะต ััะฐะฝะธ ะธั ัะฐะบ, ััะพ ะพะฝะธ ัะตัััั ัะฒะพั ัะธะปั. ะัะฟัััะธ ะธั."
ะงัะพ ะฟัะธะณะพัะพะฒะธัั,๐ฎะะต ะทะฐะฑัะฒะฐะน ะดะพะฑะฐะฒะธัั ะฝะตะผะฝะพะณะพ ะผะฐะณะธะธ ะฒ ะบะฐะถะดัะน ัะฐะณ.
"ะกะตะผัั","๐ฎะะธั ัะตะผัะธ โ ััะพ ะฝะต ัะพะปัะบะพ ะปัะฑะพะฒั ะธ ะทะฐะฑะพัะฐ, ะฝะพ ะธ ะผะฝะพะถะตััะฒะพ ััะพะบะพะฒ ะถะธะทะฝะธ, ะบะพัะพััะต ะผั ััะธะผ ะดััะณ ะดััะณะฐ."
ะขะฐะนะฝั,๐ฎะัะบัะพะน ะณะปะฐะทะฐ ะธ ะทะฐะบัะพะน ัััััั.
"ะกะตะผัั","๐ฎะะธั ัะตะผัะธ โ ััะพ ะฝะตะฒะตัะพััะฝัะน ัะฐะนะฝัะน ะพัะดะตะฝ, ะณะดะต ะบะฐะถะดัะน ัะปะตะฝ ะธะผะตะตั ัะฒะพะน ัะฐะนะฝัะน ะทะฝะฐะบ ะธ ัะพะปั."
ะะตัะธ,๐ฎะัะฝะพัะตะฝะธั ั ะดะตััะผะธ โ ััะพ ะบะปัั ะบ ะฒะตัะฝะพะน ะดะตััะบะพััะธ.
ะะดะพัะพะฒัะต,๐ฎะะดะพัะพะฒัะต โ ััะพ ะบะพะณะดะฐ ั ัะตะฑั ะฒัั ัะพัะพัะพ ะธ ัั ะผะพะถะตัั ะฟัะพะดะพะปะถะฐัั ัะฐะทะฒะปะตะบะฐัั ะผะธั.
"ะขะฐะนะฝั","๐ฎะะต ะฑะพะนัั ะฑััั ะฝะตะฟะพะฝััะฝัะผ, ะธัะธ ัะฒะพั ะธััะธะฝะฝัั ะผัะทัะบั ะดััะธ."
"ะะดะฐ","๐ฎะะณะพัะพะด โ ััะพ ะฝะต ะฟัะพััะพ ััะฐััะพะบ ะทะตะผะปะธ, ััะพ ะฒะพะปัะตะฑะฝัะน ะผะธั, ะณะดะต ะบะฐะถะดะฐั ะณััะดะบะฐ ัะบััะฒะฐะตั ัะฐะนะฝัั ัะธะปั."
"ะะดะพัะพะฒัะต","๐ฎะัะดะพัะฝััั, ะดะฐะถะต ะฝะฐ ัะฐะฑะพัะต, ะฝะต ะฟะพะผะตัะฐะตั."
ะะดะฐ,๐ฎะะพะปะตะทะฝะพะต ะธ ะฒะบััะฝะพะต ะผะพะถะตั ะฑััั ะพะดะฝะพ ะธ ัะพ ะถะต.
ะะฐะฑะพัะฐ,๐ฎะัะบัะพะน ะณะปะฐะทะฐ ะธ ะฝะฐัะฝะธ ัะฝะฐัะฐะปะฐ.
ะะดะพัะพะฒัะต,๐ฎะัะดะพัะฝััั โ ะทะฝะฐัะธั ะฝะต ัะพัะพะฟะธัััั.
"ะััะตัะตััะฒะธั","๐ฎะััะตัะตััะฒัะน, ะบะฐะบ ััะฑะฐ ะฒ ะฒะพะดะต."
"ะะดะฐ","๐ฎะะตะฝัะน ัะตัะตะฟัั, ะธัะธ ะฒะดะพัะฝะพะฒะตะฝะธะต ะฒ ัะฐะผัั ะฝะตะพะถะธะดะฐะฝะฝัั ะธััะพัะฝะธะบะฐั."
"ะะดะฐ","๐ฎะะธัะฐะนัั, ะฝะพ ะฝะต ะพัะธะฑะธัั ะฒะพ ะฒะบััะต."
"ะะตะฝัะณะธ","๐ฎะะตะฝัะณะธ โ ััะพ ะฒัะตะณะพ ะปะธัั ะธะฝััััะผะตะฝั, ะฝะต ััะตัะฝัะนัั ะธั ะธัะฟะพะปัะทะพะฒะฐัั."
"ะะฐะฑะพัะฐ","๐ฎะัะบัะพะน ะณะปะฐะทะฐ ัะธัะพะบะพ ะธ ัะฒะธะดะธัั, ััะพ ัะฐะฑะพัะฐ โ ััะพ ะฟััั ะบะพ ะฒัะตะผั, ััะพ ัะตะฑะต ะฝัะถะฝะพ."
ะะตะฝั ัะพะถะดะตะฝะธั,๐ฎะะฐัะปะฐะถะดะฐะนัั ะบัะฐัะพัะพะน ัะฒะพะตะณะพ ัะพะถะดะตะฝะธั.
ะะตะฝัะณะธ,๐ฎะะตะฝัะณะธ ะฝะฐะดะพ ัะตะฝะธัั.
"ะัะฑะพะฒั","๐ฎะฎะผะพั ะฝะธัะตะณะพ ะฝะต ััะพะธั, ะฝะพ ะดะตะปะฐะตั ะฒัั ะฝะฐะผะฝะพะณะพ ะฟัะธััะฝะตะต."
ะััะถะฑะฐ,๐ฎะััะถะฑะฐ โ ััะพ ะฝะต ัะพะปัะบะพ ัะพะฒะผะตััะฝัะต ะฟัะพะณัะปะบะธ ะธ ะทะฐะบััะพัะฝัะต.
"ะะดะพัะพะฒัะต","๐ฎะัะดะพัะฝััั - ััะพ ะฝะต ัะพะปัะบะพ ะฟะตัะตััะฒ, ะฝะพ ะธ ะทะดะพัะพะฒัะต!"
"ะะฐะฑะพัะฐ","๐ฎะัะฑะพั ะฟัะพัะตััะธะธ โ ััะพ ะฝะต ัะพะปัะบะพ ะฟััั ะบ ะบะฐััะตัะต, ะฝะพ ะธ ะฟััั ะบ ัะตัะดัั. ะัะฑะธัะฐะนัะต ัะฐะฑะพัั ะฟะพ ะดััะต."
ะกะตะผัั,๐ฎะ ัะตะผัะต ะบะฐะถะดัะน ะดะตะฝั โ ะผะฐะปะตะฝัะบะธะน ะผะธั.
"ะะฐััะตัะฐ","๐ฎะัะบัะพะน ัะตะฑั ะฝะฐ ะฒัะต ัะปััะฐะธ ะถะธะทะฝะธ, ััะธัั ะฐะดะฐะฟัะธัะพะฒะฐัััั ะธ ัะฐะทะฒะธะฒะฐัััั ะฒ ะปัะฑะพะน ัะธััะฐัะธะธ."
ะะตะฝัะณะธ,๐ฎะะตะฝัะณะธ โ ััะพ ะฝะต ะฒัะฐะณ!
"ะะตัะธ","๐ฎะัััั ะดะตัะธ ะฑัะดัั, ะบะฐะบ ะทะฒัะทะดั ะฝะฐะด ะดะพะผะพะผ โ ััะบะธะต ะธ ะฝะตะพะถะธะดะฐะฝะฝัะต ะผะตััั."
ะะดะพัะพะฒัะต,๐ฎะัะดััะฐะน ะบะฐะบ ะบะพั ะฝะฐ ะบะปะฐะฒะธะฐัััะต.
ะงัะพ ะฟัะธะณะพัะพะฒะธัั,๐ฎะะต ะฟััะฐะนัั ะฒััะฐะทะธัั ะฒัั ัะปะพะถะฝัะผ ัะทัะบะพะผ.
ะะดะพัะพะฒัะต,๐ฎะัะดััะฐะน ะธ ะฑัะดั ะพะฟัะธะผะธััะพะผ.
ะะตัะธ,๐ฎะะต ะฑะพะนัั ะฑััั ะฝะตะฟะพะฝััะฝัะผ โ ะธัะธ ัะฒะพั ะธััะธะฝะฝัั ะผัะทัะบั.
"ะััะตัะตััะฒะธั","๐ฎะัะบัะพะน ะฟััะตะฒะพะดะธัะตะปั, ะฝะพ ะปัััะต โ ะบะฐััั."
"ะขะฐะนะฝั","๐ฎะัะบัะพะน ะณะปะฐะทะฐ ัะธัะพะบะพ, ะธ ัั ัะฒะธะดะธัั ัะฐะนะฝั ะผะธัะฐ, ะบะพัะพััะต ัะบัััั ะพั ะดััะณะธั."
ะัะฑะพะฒั,๐ฎะัะฑะพะฒั โ ััะพ ะบะพะณะดะฐ ะดะฒะฐ ัะตัะดัะฐ ะพะฑะฝะธะผะฐัััั ัะฐะนะบะพะผ ะธ ะฒัั ัะฐะฒะฝะพ ััะฐะฝะพะฒัััั ะพะดะฝะธะผ.
ะะตัะธ,๐ฎะัะบัะพะน ะพะบะฝะฐ ัะฒะพะตะน ะดััะธ.
"ะะตะฝัะณะธ","๐ฎะะพะปััะต ะฝะต ะดัะผะฐะน ะพ ะดะตะฝัะณะฐั, ะธ ะพะฝะธ ะฝะฐะนะดัั ัะตะฑั."
"ะะตัะธ","๐ฎะัััั ัะฒะพะน ะผะธั ะฑัะดะตั ััะบะธะผ ะธ ะฒะตัะตะปัะผ, ะณะดะต ะบะฐะถะดัะน ะดะตะฝั ะฑัะดะตั ะฟะพะปะพะฝ ะฝะพะฒัั ะพัะบัััะธะน!"
ะะดะพัะพะฒัะต,๐ฎะัะดะพัะฝััั โ ััะพ ะทะฝะฐัะธั ะฑััั ะทะดะพัะพะฒัะผ.
"ะขะฐะนะฝั","๐ฎะัะบัะพะน ัะฐะผ ัะตะฑะต ะณะปะฐะทะฐ, ััะพะฑั ัะฒะธะดะตัั ัะฐะนะฝั."
ะกะปะพะถะฝะพะต ัะตัะตะฝะธะต,๐ฎะ ัะปะพะถะฝะพะผ ัะตัะตะฝะธะธ ะธัะธ ะฟะพะดัะบะฐะทะบั ะฒ ัะบะฐะทะบะต โ ะฒะตะดั ะธััะธะฝะฐ ัะฐััะพ ะฟัััะตััั ะทะฐ ะผะฐะณะธัะตัะบะธะผ ะปะตัะพะผ!
"ะกะปะพะถะฝะพะต ัะตัะตะฝะธะต","๐ฎะ ัะปะพะถะฝะพะผ ัะตัะตะฝะธะธ ะธัะธ ะฟะพะดัะบะฐะทะบะธ ั ะบะพัะฐ, ะบะพัะพััะน ะฝะฐ ะบะปะฐะฒะธะฐัััะต ัะธะดะธั."
"ะัะฑะพะฒั","๐ฎะัะฑะฒะธ ะฝะตั ะฟัะตะดะตะปะฐ, ะธ ะบะพะณะดะฐ ะพะฝะฐ ะฝะฐััะธะณะฐะตั ะฝะฐั, ะฑัะดะตั ะฒะตัะฝัะผ ะฟัะฐะทะดะฝะธะบะพะผ."
ะััะถะฑะฐ,๐ฎะััะถะฑะฐ ะฑัะฒะฐะตั ัะฐะทะฝะฐั.
"ะััะพะดะฝัะต","๐ฎะัะฟัะฐะฒะปัะนัั ะฒ ะฟััั, ะฝะต ะถะดะธ ะธะดะตะฐะปัะฝัั ััะปะพะฒะธะน."
ะััะพะดะฝัะต,๐ฎะัะดะพัะฝััั ะฒ ะฒััะพะดะฝัะต โ ะทะฝะฐัะธั ัะฐััะปะฐะฑะธัััั ะธ ะพะฑะฝะพะฒะธัั ัะธะปั. ะะต ะฑะพะนัั ะพัะฟััะบะฐัั ัะตะฑั ัะฐะดะธ ัะพะฑััะฒะตะฝะฝะพะณะพ ัะดะพะฒะพะปัััะฒะธั.
"ะะฐะฑะพัะฐ","๐ฎะัะบัะพะน ะดะปั ัะตะฑั ัะฐะนะฝั ััะฟะตัะฐ ะฒ ัะฐะฑะพัะต: ะฟัะตะถะดะต ะฒัะตะณะพ ะฝะฐะนะดะธ ัะฒะพั ัััะฐััั ะธ ัะฒะปะตัะตะฝะธะต, ะบะพัะพััะต ััะฐะฝัั ัะฒะพะตะน ะดะฒะธะถััะตะน ัะธะปะพะน."
ะะตะฝั ัะพะถะดะตะฝะธั,๐ฎะฎะผะพั โ ััะพ ะบะปัั ะบ ัะตัะดัั! 
"ะงัะพ ะฟัะธะณะพัะพะฒะธัั","๐ฎะะต ัะฟะตัะธ, ะธัะธ ะทะฝะฐะบะธ, ะธัะธ ัะธะณะฝะฐะปั, ะธ ัะพะปัะบะพ ัะพะณะดะฐ ะฝะฐัะธะฝะฐะน."
"ะกะปะพะถะฝะพะต ัะตัะตะฝะธะต","๐ฎะ ัะปะพะถะฝะพะผ ัะตัะตะฝะธะธ ะธัะธ ะฟะพะดัะบะฐะทะบะธ ั ะบะพัะฐ, ะบะพัะพััะน ะปัะณ ะฝะฐ ะบะปะฐะฒะธะฐัััั."
ะะตัะธ,๐ฎะะณัะฐะน! ะญัะพ ะบะปัั ะบ ััะฐััะปะธะฒะพะน ะถะธะทะฝะธ.
"ะััะตัะตััะฒะธั","๐ฎะกะตะผั ัะฐะท ะพัะผะตัั, ะพะดะธะฝ ัะฐะท ะพััะตะถั."
"ะะดะฐ","๐ฎะะดะฐ โ ััะพ ะฝะต ัะพะปัะบะพ ะฟะธัะฐ, ะฝะพ ะธ ะฟัะธะบะปััะตะฝะธะต."
"ะััะพะดะฝัะต","๐ฎะัะฟัะฐะฒะปัะนัั ะฒ ะฟััะตัะตััะฒะธะต, ะธ ัั ะฝะฐะนะดะตัั ะฒะดะพัะฝะพะฒะตะฝะธะต ะฒ ะฝะตะพะฑััะฝัั ัะณะพะปะบะฐั."
"ะััะตัะตััะฒะธั","๐ฎะะธั โ ััะพ ะบะฝะธะณะฐ, ะฒ ะบะพัะพัะพะน ะตััั ัะฒะพะธ ัััะฐะฝะธัั, ะธ ัั ะผะพะถะตัั ะฒัะฑัะฐัั, ะบะฐะบัั ะฟัะพัะธัะฐัั."
"ะกะตะผัั","๐ฎะะธั ัะตะผัะธ โ ััะพ ัะฐะนะฝะฐั ะปะฐะฑะพัะฐัะพัะธั ััะฒััะฒ ะธ ะดััะตะฒะฝัั ะฟะตัะตะถะธะฒะฐะฝะธะน, ะณะดะต ะบะฐะถะดัะน ะฟะตััะพะฝะฐะถ ะธะณัะฐะตั ัะฒะพั ัะฝะธะบะฐะปัะฝัั ัะพะปั."
ะะดะพัะพะฒัะต,๐ฎะัะดะพัะฝััั ะธ ะฟัะพะดะพะปะถะธัั ัะฐะฑะพัั ะฟะพัะพะผ ะฑัะดะตั ะฟัะพัะต.
ะะดะพัะพะฒัะต,๐ฎะัะดะพัะฝััั โ ััะพ ะทะฝะฐัะธั ะฑััั ะทะดะพัะพะฒัะผ. ะะดะพัะพะฒัะต โ ััะพ ะฝะต ัะพะปัะบะพ ะพััััััะฒะธะต ะฑะพะปะตะทะฝะตะน.
"ะะตะฝั ัะพะถะดะตะฝะธั","๐ฎะกะตะณะพะดะฝั ะปัััะตะต ะฒัะตะผั ะดะปั ะฟัะธะพะฑัะตัะตะฝะธั ะฝะพะฒะพะณะพ ะดััะณะฐ, ะทะฐะฒะตะดะธ ัะพะฑะฐะบั."
"ะะฐััะตัะฐ","๐ฎะัะบัะพะน ัะฒะพั ัะฐะนะฝั, ะธ ััะฟะตั ัะตะฑั ะฝะฐะนะดัั."
"ะะตะฝัะณะธ","๐ฎะัะบัะพะน ะฑะฐะฝะบะพะฒัะบะพะต ะพะบะฝะพ, ะดะตะฝัะณะธ ะฟัะธะดัั."
ะงัะพ ะฟัะธะณะพัะพะฒะธัั,๐ฎะัะฟัะฐะฒะปัะนัั ะฒ ะธัะฐะปััะฝัะบะพะต ะฟััะตัะตััะฒะธะต.
"ะะตััั","๐ฎะงัะพะฑั ะดะพััะธัั ัะฒััะตะฝะฝะพะณะพ ะธััะธะฝะฝะพะณะพ ะทะฝะฐะฝะธั, ะธัะธ ัะฒะพััะตััะฒะพ ะฒ ัะฒะพัะผ ะฒะฝัััะตะฝะฝะตะผ ะผะธัะต."
"ะขะฐะนะฝั","๐ฎะัะบัะพะน ะณะปะฐะทะฐ ัะธัะพะบะพ, ะธ ัั ัะฒะธะดะธัั ัะฐะนะฝัั ะธะฝัะพัะผะฐัะธั, ะบะพัะพััั ะฝะต ะถะดะฐะป."
"ะััะถะฑะฐ","๐ฎะััะณ โ ััะพ ัะฐะผะพะต ะณะปะฐะฒะฝะพะต! ะ ะดััะถะฑะต ะฝะตั ะบะพะฝะบััะตะฝัะธะธ, ะธ ะบัะพ ะตะณะพ ะธัะตั, ะฒัะตะณะดะฐ ะฝะฐะนะดะตั."
"ะกะปะพะถะฝะพะต ัะตัะตะฝะธะต","๐ฎะัะฑะธัะฐะน ะผะพะปะพั, ะฝะพ ะณะพัะพะฒััั ะบ ัะตัััะทะฝัะผ ะฟะพัะปะตะดััะฒะธัะผ."
"ะะฐะฑะพัะฐ","๐ฎะัะบัะพะน ะดะฒะตัะธ ะฟะตัะตะด ัะพะฑะพะน, ะธ ัั ัะฒะธะดะธัั ัะผััะป ะฒ ัะฐะฑะพัะต."
ะะดะฐ,๐ฎะัะณะบะฐั ะตะดะฐ โ ััะพ ะบะปัั ะบ ัะตัะดัั.
"ะะฐะฑะพัะฐ","๐ฎะัะบัะพะน ะดะฒะตัะธ ะฟะตัะตะด ัะพะฑะพะน, ะธ ัั ัะฒะธะดะธัั ัะฐะฑะพัั, ะบะพัะพััั ะฝะต ะถะดะฐะป."
ะะดะฐ,๐ฎะัะฟัะฐะฒััั ะฒ ัะตััะพัะฐะฝ ะธ ะฟะพะฟัะพะฑัะน ะฒัะต ะฑะปัะดะฐ. ะัะบัะพะน ะดะปั ัะตะฑั ะฝะพะฒะตะนัะธะต ะฒะบััั ะธ ััะฐะดะธัะธะธ.
"ะััะพะดะฝัะต","๐ฎะัะฟัะฐะฒะปัะนัั ะฒ ะฟััั, ััะพะฑั ัะฐะทะฒะตััััั ะธ ะพัะดะพัะฝััั."
"ะัะตะปะพััั","๐ฎะขั ัะถะต ะฒัั ะฟะพะฟัะพะฑะพะฒะฐะป, ัะฐะบ ััะพ ะฟัะพััะพ ะฝะฐัะปะฐะถะดะฐะนัั."
ะะดะพัะพะฒัะต,๐ฎะะฝะพะณะดะฐ ะฝัะถะฝะพ ะพัะฒะปะตัััั ะพั ัะตะฐะปัะฝะพััะธ ะธ ะฟะพะณััะทะธัััั ะฒ ะผะธั ัะฐะฝัะฐะทะธะธ.
ะะดะพัะพะฒัะต,๐ฎะกะผะธัะธัั ั ะผะตะดะปะตะฝะฝัะผ ะฒะพัััะฐะฝะพะฒะปะตะฝะธะตะผ.
ะะตััั,๐ฎะฃัะพะฟะธ ะฝะพั ะฒ ะบะฝะธะณะต. 
ะกะตะผัั,๐ฎะัะฝะพัะตะฝะธั ั ัะตะผััะน ะบะฐะบ ะทะตัะบะฐะปะพ ะดััะธ.
"ะััะพะดะฝัะต","๐ฎะัะฟัะฐะฒะปัะนัั ะฒ ะฟัะธะบะปััะตะฝะธะต, ะดะฐะถะต ะตัะปะธ ััะพ ะฟัะพััะพ ะฟัะพะณัะปะบะฐ!"
ะะตะฝัะณะธ,๐ฎะะตะฝัะณะธ ะฝะต ะผะพะณัั ะบัะฟะธัั ััะฐัััั.
ะะดะพัะพะฒัะต,๐ฎะัะดััะฐะน ะบะฐะบ ะบะพั ะฝะฐ ะบะปะฐะฒะธะฐัััะต.
"ะะตะฝัะณะธ","๐ฎะะตะฝัะณะธ โ ััะพ ััะตะดััะฒะพ, ะฐ ะฝะต ัะตะปั. ะะทะฑััะพะบ ะดะตะฝะตะณ ะผะพะถะตั ะฑััั ะฝะต ะปัััะต, ัะตะผ ะธั ะฝะตะดะพััะฐัะพะบ."
"ะะดะพัะพะฒัะต","๐ฎะะทะณะปัะฝะธ ะฝะฐ ะฑะพะปััะพะณะพ ัะปะพะฝะฐ ะธ ะพัะดะพัะฝะธ, ะบะพะณะดะฐ ััะฒััะฒัะตัั ัะตะฑั ัััะฐะฒัะธะผ."
"ะะฐะฑะพัะฐ","๐ฎะัะบัะพะน ะดะฒะตัะธ ะฟะตัะตะด ัะพะฑะพะน, ะธ ัั ัะฒะธะดะธัั, ััะพ ัะฐะฑะพัะฐ โ ััะพ ะฟััั, ะบะพัะพััะน ะฝะตะฒะตัะพััะฝะพ ัะฐะทะฝะพะพะฑัะฐะทะตะฝ ะธ ะฟะพะปะพะฝ ะฝะตะพะถะธะดะฐะฝะฝะพััะตะน."
"ะะตะฝัะณะธ","๐ฎะะตะฝัะณะธ โ ััะพ ะฒัะตะณะพ ะปะธัั ะฑัะผะฐะถะบะฐ, ะบะพัะพััั ะผะพะถะฝะพ ะฟะพะผะตะฝััั ะฝะฐ ะฒะบััั."
ะะดะพัะพะฒัะต,๐ฎะัะดะพัะฝััั โ ััะพ ะทะฝะฐัะธั ะฑััั ะทะดะพัะพะฒัะผ.
ะะดะพัะพะฒัะต,๐ฎะะต ะทะฐะฑัะฒะฐะน ะพ ะทะดะพัะพะฒะพะน ะฟะธัะต ะธ ะฐะบัะธะฒะฝะพะผ ะพะฑัะฐะทะต ะถะธะทะฝะธ.
"ะกะตะผัั","๐ฎะะฐะนะดะธัะต ะพะฑัะธะน ัะทัะบ, ะธ ะฒัะต ะฑัะดะตั ะฟัะตะบัะฐัะฝะพ."
"ะะดะพัะพะฒัะต","๐ฎะะพะผะฝะธ, ััะพ ะทะดะพัะพะฒัะต โ ััะพ ัะฐะผะพะต ะณะปะฐะฒะฝะพะต."
"ะกะปะพะถะฝะพะต ัะตัะตะฝะธะต","๐ฎะัะฑะธัะฐะน ะฟััั, ะบะพัะพััะน ะฟะพะทะฒะพะปัะตั ัะปัะฑะฝััััั."
"ะัะฑะพะฒั","๐ฎะัะบัะพะน ัะตัะดัะต ัะธัะพะบะพ, ััะพะฑั ะฒะปัะฑะธัััั ะธ ะฑััั ะปัะฑะธะผัะผ."
ะะดะพัะพะฒัะต,๐ฎะัะดะพัะฝะธ ะธ ะฟัะพะดะพะปะถะฐะน ัะฐะฑะพัั.
ะะตะฝั ัะพะถะดะตะฝะธั,๐ฎะัะบัะพะน ะตัะต ะพะดะธะฝ ะฟะพะดะฐัะพะบ ะธ ะฒะตัั ะฒ ััะดะตัะฐ.
"ะะดะพัะพะฒัะต","๐ฎะัะดััะฐะน, ะบะฐะบ ะบะพั ะฝะฐ ะบะปะฐะฒะธะฐัััะต."
"ะัะฑะพะฒั","๐ฎะัะบัะพะน ัะตัะดัะต, ะบะฐะบ ัะทััะตัะบะธะน ะบัะปัั, ะธ ะฒะปัะฑะธัั ัะฝะฐัะฐะปะฐ ะฒ ัะฐะนะฝัะต ะทะฝะฐะฝะธั."
ะัะตะปะพััั,๐ฎะฎะผะพั โ ััะพ ะดะพะทะฐ ัะผะธัะตะฝะธั.
"ะััะตัะตััะฒะธั","๐ฎะัะฟัะฐะฒััั ะฒ ะฟััั, ะธะฑะพ ะฝะฐะนะดะตัั ััะดะตัะฐ ะธ ะทะฝะฐะฝะธั ัะฐะผ, ะณะดะต ัั ะฝะธะบะพะณะดะฐ ะฝะต ะพะถะธะดะฐะป ะธั."
"ะััะถะฑะฐ","๐ฎะฎะผะพั โ ััะพ ะฝะตะฒะตัะพััะฝะพ ะผะพัะฝัะน ัะด, ะบะพัะพััะน ัะฑะธะฒะฐะตั ั ัะพะปะบั ะฒะฐัะธั ะดััะทะตะน. ะััะพัะพะถะฝะพ!"
ะะตัะธ,๐ฎะะต ะฑะพะนัั ะฝะตะพะถะธะดะฐะฝะฝะพััะตะน! ะะฐ ะฟะพะฒะพัะพัะพะผ ะถะดัั ะฝะพะฒัะต ะฒะพะทะผะพะถะฝะพััะธ.
"ะกะตะผัั","๐ฎะงัะพ ะบะฐัะฐะตััั ัะตะผะตะนะฝัั ะพัะฝะพัะตะฝะธะน, ะผะพะน ัะพะฒะตั โ ะฒัะตะณะดะฐ ะธัะธ ะพะฑัะธะน ัะทัะบ ั ัะปะตะฝะฐะผะธ ัะตะผัะธ, ะดะฐะถะต ะตัะปะธ ััะพ ะทะฒััะธั ัะปะพะถะฝะพ."
"ะะฐััะตัะฐ","๐ฎะัะบัะพะน ัะตะฑั, ะธัะธ ัะฐะนะฝั ะบะฐััะตัั. ะัััั ััะดัะฑะฐ ัะตะฑั ะฝะฐะนะดัั."
ะััะพะดะฝัะต,๐ฎะัะบัะพะน ะฒัะต ะดะฒะตัะธ ะธ ะฒัะนะดะธ ะฝะฐ ัะปะธัั. ะะพัััะฐะฝะพะฒะธัั ะธ ะฝะฐะฟะพะปะฝะธัั ัะฝะตัะณะธะตะน!
ะัะตะปะพััั,๐ฎะะพะทัะผะธ ะบะฐะฟะปั ัะฒะพะตะน ะผัะดัะพััะธ ะธ ะฝะฐัะปะฐะถะดะฐะนัั ะถะธะทะฝัั.
"ะะดะฐ","๐ฎะกะตะผั ัะฐะท ะพัะผะตัั, ะพะดะธะฝ ัะฐะท ะพััะตะถั. ะญัะพ ะถะต ะบะฐัะฐะตััั ะธ ะตะดั."
ะะดะพัะพะฒัะต,๐ฎะะพัะฐ ะพัะดะพัะฝััั.
"ะะตะฝั ัะพะถะดะตะฝะธั","๐ฎะัััั ััะพั ะดะตะฝั ะฑัะดะตั ัะบัะฐัะตะฝ ะผะฝะพะถะตััะฒะพะผ ัะฐะดะพััะตะน, ะดััะถะตะปัะฑะฝัั ัะฝะพะฒ ะธ ะฟะพััััะฐััะธั ะฒะพัะฟะพะผะธะฝะฐะฝะธะน."
"ะขะฐะนะฝั","๐ฎะัะบัะพะนัั ะผะธัั, ะธ ัั ัะทะฝะฐะตัั ะฒัั, ััะพ ะฝัะถะฝะพ."
"ะะฐะฑะพัะฐ","๐ฎะะฑัะฐัะธ ะฒะฝะธะผะฐะฝะธะต ะฝะฐ ะทะฒัะทะดั, ะธัะธ ัะธะผะฒะพะปะธะทะผ ะฒ ะฟะพะฒัะตะดะฝะตะฒะฝะพะน ะถะธะทะฝะธ."
ะััะพะดะฝัะต,๐ฎะัะฟัะฐะฒะปัะนัั ะฒ ะฟััะตัะตััะฒะธะต. ะััะพะดะฝัะต โ ัะฐะฝั ะฝะฐะฑัะฐัััั ัะธะป ะธ ัะฐััะธัะธัั ะณะพัะธะทะพะฝัั.
"ะัะฑะพะฒั","๐ฎะัะบัะพะน ัะตัะดัะต, ะบะฐะบ ัะทััะตัะบะธะน ะถัะตั."
"ะััะพะดะฝัะต","๐ฎะัะฟัะฐะฒะปัะนัั ะฒ ะฟััั, ััะพะฑั ัะฐััะปะฐะฑะธัััั. ะััะพะดะฝัะต โ ะฒัะตะผั ะดะปั ะผะฐะณะธะธ, ะฟัะธะบะปััะตะฝะธะน ะธ ัะฐะดะพััะธ."
"ะััะตัะตััะฒะธั","๐ฎะกะตะผั ัะฐะท ะพัะผะตัั, ะพะดะธะฝ ัะฐะท ะพััะตะถั. ะัะฑะธัะฐะน ะฟััะตัะตััะฒะธั ัะผะตะปะพ, ััะพะฑั ะพะณัะฐะดะธัั ัะตัะดัะต ะธ ะดััั ะพั ะปะธัะตะฝะธะน."
ะงัะพ ะฟัะธะณะพัะพะฒะธัั,๐ฎะะพะตัั ััะพ-ัะพ ะพัััะตะฝัะบะพะต.
"ะกะตะผัั","๐ฎะัะบัะพะน ัะตะผะตะนะฝัั ะฑะธะฑะปะธะพัะตะบั ะธ ะฝะฐะนะดะธ ัะฐะผ ะบะฝะธะณั, ะพ ะบะพัะพัะพะน ัะฐะฝััะต ะฝะต ะทะฝะฐะป."
"ะะดะพัะพะฒัะต","๐ฎะัะดัั ะดะปั ัะตะปะพะฒะตะบะฐ โ ััะพ ะทะดะพัะพะฒัะต, ะบะฐะบ ะฒะพะดะฐ ะดะปั ััะฑั."
"ะััะตัะตััะฒะธั","๐ฎะัะบัะพะน ะดะฒะตัะธ ะฟัะธะบะปััะตะฝะธะน, ะธ ะฟัััั ะฟััั ะฑัะดะตั ะฝะตะธะทะฒะตะดะฐะฝะฝัะน."
ะะฐััะตัะฐ,๐ฎะัะบัะพะน ะดะปั ัะตะฑั ะฝะพะฒัั ัััะฐะฝะธัั ะฒ ะบะฐััะตัะต.
ะกะตะผัั,๐ฎะัั ะทะฝะฐะฝะธะต ะธ ะฒัะต ัะพะบัะพะฒะตะฝะฝัะต ะธััะธะฝั. ะ ัะตะผัะต โ ััะพ ะธ ะตััั.
ะะดะพัะพะฒัะต,๐ฎะัะบัะพะน ะณะปะฐะทะฐ ะธ ัะตัััะทะฝะพ ะพัะฝะพัะธัั ะบ ัะฒะพะตะผั ะทะดะพัะพะฒัั.
"ะกะตะผัั","๐ฎะะธั ัะตะผัะธ โ ััะพ ัะฐะนะฝะฐั ัะตัะตะผะพะฝะธั, ะฒ ะบะพัะพัะพะน ะบะฐะถะดัะน ะธะณัะฐะตั ัะฒะพั ะธะณัั."
"ะะดะพัะพะฒัะต","๐ฎะะดะพัะพะฒัะต โ ััะพ ะบะพะณะดะฐ ัั ะฝะต ัะพะปัะบะพ ะฝะต ะฑะพะธัััั, ะฝะพ ะธ ะฝะต ะดัะผะฐะตัั ะพ ะฑะพะปะธ."
"ะขะฐะนะฝั","๐ฎะขะฐะนะฝั โ ััะพ ะบะฐะบ ะบะพะฝัะตัั ะฒ ะฑะพัะบะต. ะขั ะฝะต ะทะฝะฐะตัั, ััะพ ะฝะฐะนะดััั."
"ะะดะพัะพะฒัะต","๐ฎะะพะผะฝะธ ะพ ะฑะฐะปะฐะฝัะต. ะะดะพัะพะฒัะต โ ััะพ ะฝะต ัะพะปัะบะพ ะพััััััะฒะธะต ะฑะพะปะตะทะฝะธ, ะฝะพ ะธ ะณะฐัะผะพะฝะธั ะผะตะถะดั ัะฐะฑะพัะพะน, ะพัะดััะพะผ ะธ ัะดะพะฒะพะปัััะฒะธัะผะธ."
ะะตัะธ,๐ฎะะต ะฑะพะนัั ะฑััั ะพัะพะฑะตะฝะฝัะผ!
ะััะถะฑะฐ,๐ฎะัะพััะพะต ะธ ะธัะบัะตะฝะฝะตะต ัะตัะดัะต โ ะปัััะธะน ะดััะณ ะดะปั ะดััะถะฑั.
"ะกะตะผัั","๐ฎะะพะผะฝะธ, ััะพ ะปัะฑะพะฒั โ ััะพ ะฑะพะปััะต, ัะตะผ ะฟัะพััะพ ััะฒััะฒะฐ."
"ะะฐะฑะพัะฐ","๐ฎะัะบัะพะน ะดะปั ัะตะฑั ัะฐะนะฝั ัะฒะพะตะน ัะฐะฑะพัั, ะธ ัั ัะทะฝะฐะตัั, ะบะฐะบ ะฟัะตััะฟะตัั ะฒ ะฝะตะน."
"ะะตะฝัะณะธ","๐ฎะะตะฝัะณะธ โ ััะพ ะบะปัั ะบ ััะฐัััั, ะฝะพ ัะพะปัะบะพ ะฝะต ะตะดะธะฝััะฒะตะฝะฝัะน."
"ะะดะพัะพะฒัะต","๐ฎะัะดะพัะฝััั, ะดะฐะถะต ะตัะปะธ ััะพ ะบะฐะถะตััั ะฝะตะฒะฐะถะฝัะผ, ะธะผะตะตั ัะตัะฐััะตะต ะทะฝะฐัะตะฝะธะต ะดะปั ะทะดะพัะพะฒัั."
"ะะดะฐ","๐ฎะะฐัะปะฐะดะธัั ะบะฐะถะดะพะดะฝะตะฒะฝะพะน ะฟะธัะตะน, ัะฐะบ ะบะฐะบ ะบะฐะถะดัะน ัะถะธะฝ โ ััะพ ะฝะตะฒะตัะพััะฝะพะต ััะดะพ!"
ะััะพะดะฝัะต,๐ฎะัะดะพัะฝััั โ ะทะฝะฐัะธั ะฝะต ะทะฐะฑััั ะฟัะพะฑัะดะธัััั.
ะงัะพ ะฟัะธะณะพัะพะฒะธัั,๐ฎะกะบััะฐะน ะผะพัะพะถะตะฝะพะต.
ะะดะพัะพะฒัะต,๐ฎะัะดะพัะฝััั ะธ ะฝะฐัะปะฐะถะดะฐัััั ะฟัะพัััะผ ะดะพััะณะพะผ โ ััะพ ะฝะตะฒะตัะพััะฝะพ ะฒะฐะถะฝะพ ะดะปั ะฟะพะดะดะตัะถะฐะฝะธั ะทะดะพัะพะฒัั.
ะกะปะพะถะฝะพะต ัะตัะตะฝะธะต,๐ฎะัะพัััะต ัะตัะตะฝะธั ัะฐััะพ ะฑัะฒะฐัั ะปัััะธะผะธ.
ะกะตะผัั,๐ฎะัััั ะพะณะพะฝั ะฒะฐัะตะณะพ ะพัะฐะณะฐ ะณะพัะธั ััะบะพ ะธ ัะฒะตัะปะพ.
ะะตัะธ,๐ฎะะต ัะพะดะธ ะฟะพ ะบััะณั!
"ะกะปะพะถะฝะพะต ัะตัะตะฝะธะต","๐ฎะัะฑะธัะฐะน ัะพ, ััะพ ะฟัะพัะต."
ะะฐััะตัะฐ,๐ฎะัะบัะพะน ะณะปะฐะทะฐ ัะธัะพะบะพ ะธ ะทะฐัะฐะฑะพัะฐะน ะดะตะฝัะณะธ!
ะกะตะผัั,๐ฎะะพะทะฝะฐะบะพะผััั ั ะบะฐะถะดัะผ ัะปะตะฝะพะผ ัะตะผัะธ ะบะฐะบ ั ะพะดะฝะธะผ ะธะท ะดัะตะฒะฝะธั ะฑะพะถะตััะฒ.
"ะะตัะธ","๐ฎะัะดััะต ะบะฐะบ ะดะตัะธ, ะผะธั ะดะตัะตะน โ ััะพ ะผะธั ะฑะตะท ัััะฐัะฐ."
ะะตะฝั ัะพะถะดะตะฝะธั,๐ฎะฎะผะพั โ ััะพ ะฟะพะดะฐัะพะบ ััะดัะฑั.
"ะกะตะผัั","๐ฎะะพะผะฝะธ, ััะพ ัะตะผัั โ ััะพ ะฝะต ัะพะปัะบะพ ะบัะพะฒ, ะฝะพ ะธ ะดััะตะฒะฝัะน ะพัะฐะณ."
"ะะฐะฑะพัะฐ","๐ฎะัะฑะธัะฐั ัะฐะฑะพัั, ะธัะธ ัะฒะพั ะฝะธัั, ะณะดะต ัะฒะพะธ ัะฐะปะฐะฝัั ะธ ัััะฐััะธ ะฒัััะตัะฐัััั ั ะฟะพััะตะฑะฝะพัััะผะธ ััะฝะบะฐ."
"ะััะตัะตััะฒะธั","๐ฎะัะบัะพะน ะฝะพะฒัะน ะผะธั. ะััะตัะตััะฒัะน, ะธััะปะตะดัะน, ะพัะบััะฒะฐะน."
ะััะตัะตััะฒะธั,๐ฎะ ะฟััะตัะตััะฒะธะธ ะฝะตั ะดะพัะพะณ. ะัะตะณะพ ะปะธัั ะฟะตัะตัะพะดั ะผะตะถะดั ัะพัะบะฐะผะธ.
"ะััะถะฑะฐ","๐ฎะัะบัะพะน ะณะปะฐะทะฐ ัะธัะพะบะพ, ะดััะถะพะบ, ะดััะถะฑะฐ ััั ะถะต ัะตะฑั ะฝะฐะนะดะตั!"
"ะัะฑะพะฒั","๐ฎะัะบัะพะน ัะตัะดัะต, ะธ ะปัะฑะพะฒั ะฝะฐะนะดัั ัะฒะพะน ะฟััั."
"ะััะตัะตััะฒะธั","๐ฎะัะฟัะฐะฒั ัะตะฑั ะฒ ะฟััั, ะธ ัั ัะทะฝะฐะตัั, ััะพ ะฟััะตัะตััะฒะธะต ะฝะฐัะธะฝะฐะตััั ั ัะพะณะพ, ััะพ ัั ัะทะฝะฐะตัั ะพ ัะตะฑะต."
"ะะตะฝัะณะธ","๐ฎะะตะฝัะณะธ โ ััะพ ะธะฝััััะผะตะฝั, ะธัะฟะพะปัะทัะน ะธั ัะผะตะปะพ."
ะะดะพัะพะฒัะต,๐ฎะัะฟะธัั ะฒะพะดั โ ะฟัะพัะธะปะฐะบัะธะบะฐ ะฑะพะปะตะทะฝะตะน.
"ะะตะฝัะณะธ","๐ฎะะตะฝัะณะธ โ ััะพ ะฒัะตะณะพ ะปะธัั ะฑัะผะฐะถะบะฐ, ััะฐัััั ะฒ ะบะพัะตะปัะบะต ะผะฐะปะพ."
ะะดะฐ,๐ฎะะต ะฑะพะนัั ะฑััั ะธะฝะพะฟะปะฐะฝะตััะฝะธะฝะพะผ ะฒ ะตะดะต.
"ะะตะฝัะณะธ","๐ฎะะตะฝัะณะธ โ ััะพ ะฒัะตะณะพ ะปะธัั ะฑัะผะฐะถะบะธ, ะบะพัะพััะผะธ ะผะพะถะฝะพ ะบัะฟะธัั ะผะฝะพะณะพ ัะฐะทะฒะปะตัะตะฝะธะน."
"ะัะฑะพะฒั","๐ฎะัะบัะพะน ัะตัะดัะต, ะบะฐะบ ะฒัะฐัะฐ ะบ ััะฐัััั."
ะัะตะปะพััั,๐ฎะะธะฒะธ ะฝะฐััะพััะธะผ.
ะะดะพัะพะฒัะต,๐ฎะัะดะพัะฝััั โ ััะพ ะทะฝะฐัะธั ะฑััั ะทะดะพัะพะฒัะผ. ะะธัะฐะนัั ะฟัะฐะฒะธะปัะฝะพ ะธ ัะปะตะดะธ ะทะฐ ัะตะถะธะผะพะผ ัะฝะฐ.
"ะขะฐะนะฝั","๐ฎะขะฐะนะฝั โ ััะพ ะบะฐะบ ะฐัะพะผะฐั ะบะพัะต: ะฒั ะผะพะถะตัะต ะธั ะฟะพััะฒััะฒะพะฒะฐัั, ะฝะพ ัะฐะทะณะฐะดะฐัั ะฝะต ะผะพะถะตัะต."
"ะงัะพ ะฟัะธะณะพัะพะฒะธัั","๐ฎะัะพะณะปะพัะธ ัะตัะดัะต ะฑััััะพะณะพ ะฟะธัะพะณะฐ, ะฟัะตะถะดะต ัะตะผ ะฟะพะนะผะตัั, ััะพ ััะพ ะทะฐ ะพะฟะฐัะฝะพััั."
"ะะตะฝัะณะธ","๐ฎะัะบัะพะน ะณะปะฐะทะฐ ะธ ะฟะพัะผะพััะธ ะฒะพะบััะณ. ะะตะฝัะณะธ โ ััะพ ะฒัะตะณะพ ะปะธัั ะธะฝััััะผะตะฝั, ะบะพัะพััะผ ัะฟัะฐะฒะปัะตัั ัั ัะฐะผ."
ะะตััั,๐ฎะะตััั โ ััะพ ะปะธัั ะฟะตัะตััะฒ ะผะตะถะดั ัะฝะฐะผะธ ะธ ะฑะพะดัััะฒะพะฒะฐะฝะธะตะผ.
"ะกะปะพะถะฝะพะต ัะตัะตะฝะธะต","๐ฎะัะฑะธัะฐะนัะต ะฟััั, ะบะพัะพััะน ะบะฐะถะตััั ัััะฐัะฝัะผ."
"ะขะฐะนะฝั","๐ฎะขะฐะนะฝั โ ััะพ ะฝะต ะฟัะพััะพ ะทะฐะณะฐะดะบะธ, ะฝะพ ะธ ะธััะพัะฝะธะบ ะฒะดะพัะฝะพะฒะตะฝะธั. ะะต ะฑะพะนัั ะทะฐะณะฐะดะพะบ ะถะธะทะฝะธ, ะธัะธ ะธั."
"ะกะตะผัั","๐ฎะขะฒะพั ัะตะผัั โ ััะพ ัะฒะพั ัะธะปะฐ, ะพะฝะฐ, ะบะฐะบ ะทะฒะตะทะดะฐ, ะฝะฐะฟัะฐะฒะปัะตั ัะฒะพะน ะฟััั."
"ะััะถะฑะฐ","๐ฎะััะถะฑะฐ โ ััะพ ัะปะพะถะฝะพะต ัะธััะฐะปัะฝะพะต ะพััะดะธะต, ะบะพัะพัะพะต ะผะพะถะตั ัะบัะฐัะธัั, ะฝะพ ะธ ะฝะฐะฒัะตะดะธัั."
"ะััะตัะตััะฒะธั","๐ฎะะธั โ ะบะฐะบ ะผะพัะต, ะธัะธัะต ัะฒะพะน ะฟััั ะฒ ะตะณะพ ะณะปัะฑะธะฝะฐั."
"ะััะถะฑะฐ","๐ฎะัะฝะพัะตะฝะธั ะผะตะถะดั ะปัะดัะผะธ โ ััะพ ะบะฐะบ ัะฐะฝะณะพ: ะธะฝะพะณะดะฐ ะฑัะฒะฐะตั ัะปะพะถะฝะพ, ะธะฝะพะณะดะฐ ะฟัะพััะพ, ะฝะพ ะฒัะตะณะดะฐ ะบัะฐัะธะฒะพ."
ะะฐััะตัะฐ,๐ฎะัะบัะพะน ัะตะฑะต ะณะปะฐะทะฐ ะฝะฐ ะฑัะดััะตะต.
"ะะดะฐ","๐ฎะะพะทัะผะธ ััะพ-ะฝะธะฑัะดั, ััะพ ะดะตะนััะฒะธัะตะปัะฝะพ ัะพัะตััั, ะธ ะฝะต ะพัะบะฐะทัะฒะฐะนัั ะพั ะฟัะพัััั ะฒะบััะพะฒ."
"ะะตะฝัะณะธ","๐ฎะะตะฝัะณะธ โ ััะพ ะธะฝััััะผะตะฝั, ะฐ ะฝะต ะบะพะฝะตัะฝะฐั ัะตะปั."
"ะะฐะฑะพัะฐ","๐ฎะะพะนะผะธ, ััะพ ัั ะดะตะปะฐะตัั ะปัััะต ะดััะณะธั, ะธ ัั ะฝะฐะนะดััั ัะฒะพะต ะผะตััะพ ััะตะดะธ ะทะฒัะทะด."
"ะะฐะฑะพัะฐ","๐ฎะัะบัะพะน ะดะฒะตัะธ ะฟะตัะตะด ัะพะฑะพะน, ะธ ัั ัะฒะธะดะธัั ะผะฝะพะถะตััะฒะพ ะฒะพะทะผะพะถะฝะพััะตะน."
ะะดะพัะพะฒัะต,๐ฎะัะดะพัะฝััั ะธ ะฟัะพะดะพะปะถะฐัั ะดะฒะธะณะฐัััั ะฒะฟะตััะด โ ััะพ ะบะปัั ะบ ัะพััะฐะฝะตะฝะธั ะทะดะพัะพะฒัั.
ะััะพะดะฝัะต,๐ฎะะพะณััะทะธัั ะฒ ะบะฝะธะณั.
"ะััะตัะตััะฒะธั","๐ฎะัะฟัะฐะฒะปัะนัั ะฒ ะฟััั, ัะฐะบ ะบะฐะบ ะพะถะธะดะฐะฝะธะต ะฝะต ะฟัะธะฝะพัะธั ัะผััะปะฐ."
"ะกะตะผัั","๐ฎะฎะผะพั โ ััะพ ะบะพะฝัะตััะธ, ะบะพัะพัะพะต ะฟะพะดะฝะธะผะฐะตั ะฝะฐัััะพะตะฝะธะต, ะบะพะณะดะฐ ะดััะณะธะต ะผะตัะพะดั ะผะพะณัั ะพััะฐะฒะปััั ััะฒััะฒะพ ัะพะปะพะดะฐ."
"ะกะตะผัั","๐ฎะกัะดััะต ััะดะพะผ ะธ ะพะฑัััะฝะธัะต, ััะพ ะบะฐะถะดัะน ะธะท ะฒะฐั ัะฐะด ะถะธะทะฝะธ ะฒ ัะตะผัะต ะธ ะดััะณ ะดััะณั."
ะะดะพัะพะฒัะต,๐ฎะัะดะพัะฝััั ะธ ะฟัะพะดะพะปะถะธัั ัะฐะฑะพัั ั ะฝะพะฒะพะน ัะธะปะพะน ะฟะพะผะพะถะตั ะฒัะตะผั ะฒ ะบะพะผะฟะฐะฝะธะธ ะดััะทะตะน.
"ะกะปะพะถะฝะพะต ัะตัะตะฝะธะต","๐ฎะัะผะฐะน ะฟัะพััะพ ะธ ััะฝะพ, ะฝะต ัะฟะตัะธ."
"ะะดะฐ","๐ฎะะดะฐ ะผะพะถะตั ะฑััั ะธ ะฑะปะฐะณะพะผ, ะธ ะทะปะพะผ."
"ะะฐััะตัะฐ","๐ฎะัะบัะพะน ะณะปะฐะทะฐ ะธ ะฟะพัะผะพััะธ ะฒะพะบััะณ, ัั ัะฒะธะดะธัั, ััะพ ะถะธะทะฝั โ ััะพ ัะดะธะฒะธัะตะปัะฝะพะต ะฟัะธะบะปััะตะฝะธะต. ะะต ะฑะพะนัั ะผะตะฝััััั."
ะะดะพัะพะฒัะต,๐ฎะัะดะพัะฝััั ะธ ะฟะพะผะฝะธัั ะพ ัะฒะพะตะผ ะทะดะพัะพะฒัะต โ ััะพ ะบะปัั ะบ ะดะพะปะณะพััะพัะฝะพะน ะฟัะพะดัะบัะธะฒะฝะพััะธ ะธ ััะฐัััั.
ะะดะพัะพะฒัะต,๐ฎะัะดะพัะฝััั โ ััะพ ะทะฝะฐัะธั ะฑััั ะทะดะพัะพะฒัะผ.
"ะะตะฝั ัะพะถะดะตะฝะธั","๐ฎะัะฑะตัะธ ะบะพัะฐ, ะฐ ะฝะต ะฑัะบะตั ัะฒะตัะพะฒ, ะธะฑะพ ััะฐัััะต ะฒัะตะณะดะฐ ะฟัะธัะพะดะธั ะบ ััะฐััะปะธะฒะพะผั ัะตะปะพะฒะตะบั!"
"ะกะปะพะถะฝะพะต ัะตัะตะฝะธะต","๐ฎะะต ะฑะพะนัั ัะดะตะปะฐัั ะฒัะฑะพั, ะณะปะฐะฒะฝะพะต โ ะฒะตัะธัั ะฒ ัะตะฑั."
ะขะฐะนะฝั,๐ฎะัะบัะพะน ะณะปะฐะทะฐ ัะธัะพะบะพ ะธ ัะฒะธะดะธัั ัะฐะนะฝั.
"ะขะฐะนะฝั","๐ฎะัะบัะพะน ะดะปั ัะตะฑั ัะฐะนะฝัะน ะผะธั, ะณะดะต ะทะฐะณะฐะดะบะธ ะถะดัั ัะฒะพะตะณะพ ะธััะปะตะดะพะฒะฐัะตะปั."
"ะะตะฝัะณะธ","๐ฎะะตะฝัะณะธ โ ััะพ ะธะฝััััะผะตะฝั, ะฐ ะฝะต ัะตะปั."
"ะงัะพ ะฟัะธะณะพัะพะฒะธัั","๐ฎะะฐะนะดะธ ะฒะฐะทั ะธ ะฟะพัะผะพััะธ, ััะพ ัะฐะผ."
"ะะฐััะตัะฐ","๐ฎะกะปััะฐะน ะธะฝัะพะฝะฐัะธะธ ัะฒะพะตะณะพ ัะตัะดัะฐ, ะธ ะฑัะดะตั ัะตะฑะต ััะฐัััะต."
"ะะฐััะตัะฐ","๐ฎะัะบัะพะน ะดะฒะตัะธ ะฟะตัะตะด ัะพะฑะพะน, ะธ ัั ัะทะฝะฐะตัั, ััะพ ัะฐะผ ะธะฝัะตัะตัะฝะพะณะพ."
"ะกะตะผัั","๐ฎะะธั ัะตะผัะธ โ ััะพ ัะฐะนะฝะฐั ะปะฐะฑะพัะฐัะพัะธั ััะฒััะฒ, ะณะดะต ะบะฐะถะดัะน ะฒัะฑะธัะฐะตั ัะฒะพั ัะพัะผัะปั ะธะฝะณัะตะดะธะตะฝัะพะฒ."
"ะะดะฐ","๐ฎะะพะปะตะทะฝัะผ ะฑัะดะตั ะดะพะฑะฐะฒะธัั ะฒ ะผะตะฝั ะธ ัะปะฐะดะพััะธ, ะธ ะพะฒะพัะธ, ะบะฐะบ ะธััะธะฝะฝัะต ััะตะดััะฒะฐ ะฟะพะดะดะตัะถะฐะฝะธั ะฑะฐะปะฐะฝัะฐ."
"ะงัะพ ะฟัะธะณะพัะพะฒะธัั","๐ฎะะพัะพะฒั ะผะธะฝะธะผัะผ ะดะฒะฐ ะฑะปัะดะฐ: ะพะดะฝะพ ะดะปั ะดััะธ, ะดััะณะพะต ะดะปั ัะตะปะฐ."
"ะะฐััะตัะฐ","๐ฎะัะบัะพะน ะดะปั ัะตะฑั ัะฐะนะฝั ัะฒะพะตะน ะดััะธ, ะธ ัะฒะพั ะบะฐััะตัะฐ ะฝะฐะนะดัั ัะตะฑั ัะฐะผะฐ."
"ะััะถะฑะฐ","๐ฎะัะดั ะฒะฝะธะผะฐัะตะปะตะฝ, ะธะฝะพะณะดะฐ ัะฐะผะพะต ัะธะปัะฝะพะต ะทะฐะบะปะธะฝะฐะฝะธะต โ ััะพ ะฟัะพััะพ ะดะพะฒะตัะธะต ะดััะณ ะดััะณั."
"ะะพะปะพะดะพััั","๐ฎะฎะผะพั โ ััะพ ะบะปัั ะบ ัะตัะดัั. ะัะบััะฒะฐะน ะดะปั ัะตะฑั ัะผะตัะฝัะต ะธััะพัะธะธ, ะธ ัั ะฝะฐะนะดััั ะฒ ะฝะธั ะธััะธะฝั."
"ะัะฑะพะฒั","๐ฎะัะบัะพะน ัะตัะดัะต, ะบะฐะบ ะพะณะฝะตะฝะฝัะน ะฟะพััะฐะป, ะธ ะฟัััั ะปัะฑะพะฒั ัะตะฑั ะฟัะพะฒะตะดะตั ัะบะฒะพะทั ะตะณะพ ะทะพะฝั."
"ะกะตะผัั","๐ฎะัะฝะพัะตะฝะธั ะฒ ัะตะผัะต โ ััะพ ัะฒะพะน ัะธั. ะะตัะผะพััั ะฝะฐ ะฒัะต ะฟัะพะฑะปะตะผั,ัะตะผัั ะฒัะตะณะดะฐ ะฑัะดะตั ะฟะพะดะดะตัะถะบะพะน ะธ ะฑะตะทะพะฟะฐัะฝะพัััั."
"ะกะตะผัั","๐ฎะกะตะผัั โ ะบะฐะบ ะฟััะตะฒะพะดะฝะฐั ะทะฒะตะทะดะฐ, ัะปะตะดัะน ะทะฐ ะฝะตะน."
"ะะฐััะตัะฐ","๐ฎะัะบัะพะน ัะตะฑั, ะธ ัั ัะฒะธะดะธัั, ััะพ ะบะฐััะตัะฐ โ ััะพ ะฝะต ัะพะปัะบะพ ะฟััั ะฒะฒะตัั, ะฝะพ ะธ ะฒะพะทะผะพะถะฝะพััะธ ะดะปั ัะฐะผะพัะพะฒะตััะตะฝััะฒะพะฒะฐะฝะธั."
ะกะตะผัั,๐ฎะัะฝะพัะตะฝะธั ะฒ ัะตะผัะต โ ััะพ ัะฒะพั ะบะพัะผะธัะตัะบะฐั ะผะธััะธั. ะะต ะฑะพะนัั ะฒัััะตัะธัััั ั ะธะฝะพะฟะปะฐะฝะตััะฝะฐะผะธ.
"ะะตะฝัะณะธ","๐ฎะะตะฝัะณะธ โ ััะพ ะฒัะตะณะพ ะปะธัั ะธะฝััััะผะตะฝั, ะฝะต ััะพะธั ะธั ะฟัะตะทะธัะฐัั, ะฝะพ ะธ ะพะฑะพะถะฐัั ะฝะต ะฝะฐะดะพ."
ะกะปะพะถะฝะพะต ัะตัะตะฝะธะต,๐ฎะะต ะทะฐะฑะปัะดะธัั ะฒ ัะพะปะฟะต ะผะฝะตะฝะธะน.
ะะตัะธ,๐ฎะัะฝะพัะตะฝะธั โ ััะพ ะฒะทะฐะธะผะพะฟะพะฝะธะผะฐะฝะธะต ะธ ะฒะทะฐะธะผะพัะฒะฐะถะตะฝะธะต.
"ะะฐััะตัะฐ","๐ฎะะต ะฑะพะนัั ะฟะตัะตะผะตะฝ, ะฒะตะดั ะบะฐะถะดัะน ัะฐะณ โ ััะพ ะฝะพะฒัะน ััะพะฒะตะฝั."
"ะััะตัะตััะฒะธั","๐ฎะััะตัะตััะฒะธะต โ ััะพ ะบะพะปะดะพะฒัะบะธะน ัะธััะฐะป, ะบะพัะพััะน ะผะตะฝัะตั ะฝะฐั ัะฐะผะธั."
"ะขะฐะนะฝั","๐ฎะขะฐะนะฝะฐ โ ััะพ ะฝะต ัะพะปัะบะพ ััะพ-ัะพ, ััะพ ะฝัะถะฝะพ ัะฐะทะณะฐะดะฐัั, ะฝะพ ะธ ัะพ, ััะพ ะฟะพัะพะน ะปัััะต ะฝะต ัะฐะทะณะฐะดัะฒะฐัั."
ะััะพะดะฝัะต,๐ฎะัะดะพัะฝััั โ ะทะฝะฐัะธั ะฑััั ัะฒะพะฑะพะดะฝัะผ ะพั ะทะฐะฑะพั. 
"ะะฐะฑะพัะฐ","๐ฎะัะธ ะทะฝะฐะฝะธั ะฒ ัะฒะพะตะน ัะฐะฑะพัะต, ะธะฝะฐัะต ัั ะผะพะถะตัั ะทะฐะฑััั, ััะพ ะถะธะทะฝั ะฝะฐััะธัะฐะฝะฐ ะฝะต ะฒ ัะตะบัะฝะดะฐั."
"ะััะถะฑะฐ","๐ฎะัะตั ะดััะทะตะน ััะธัะฐะน ะฑะตััะตะฝะฝัะผ ะฑะพะณะฐัััะฒะพะผ, ะฝะพ ะฝะต ะทะฐะฑัะฒะฐะน, ััะพ ัะฐะผะฐ ะดััะถะฑะฐ ััะตะฑัะตั ะทะฐะฑะพัั ะธ ะฒะฝะธะผะฐะฝะธั."
"ะะตัะธ","๐ฎะะตัะธ ะฝะฐะฟะพะผะธะฝะฐัั ะฝะฐะผ, ััะพ ัะฐะบะพะต ะฝะฐััะพััะฐั ะฒะตัะตะปะพััั."
ะะฐััะตัะฐ,๐ฎะัะบัะพะน ะดะฒะตัะธ ัะฒะพะตะณะพ ัะผะฐ ะธ ะทะฝะฐะน ัะฒะพะธ ัะฐะนะฝั.
ะกะปะพะถะฝะพะต ัะตัะตะฝะธะต,๐ฎะัะฑะพั โ ััะพ ะปะธัั ะพะดะธะฝ ะธะท ะฟััะตะน.
ะััะพะดะฝัะต,๐ฎะัะบัะพะน ะดะปั ัะตะฑั ะฝะพะฒัะน ัะตััะพัะฐะฝ.
"ะััะถะฑะฐ","๐ฎะััะถะฑะฐ โ ััะพ ะบะฐะบ ะปะตัะฝัะน ััััะผะฐะฝ, ะบะพัะพััะน ะฟะพะดัะบะฐะทัะฒะฐะตั ัะตะฑะต ะฟััั ะธ ะดะตะปะฐะตั ะฟััั ะทะฝะฐะบะพะผัะผ."
"ะะฐััะตัะฐ","๐ฎะัะบัะพะน ะดะปั ัะตะฑั ัะฐะนะฝั ัะฒะพะตะณะพ ัะตัะดัะฐ, ะธ ััะฟะตั ะฝะฐะฟะพะปะฝะธั ัะฒะพั ะบะฐััะตัั."
ะกะปะพะถะฝะพะต ัะตัะตะฝะธะต,๐ฎะัะบัะพะน ะบะฝะธะณั ััะดะตะฑะฝัั ะฟัะตัะตะดะตะฝัะพะฒ.
ะะฐััะตัะฐ,๐ฎะัะบัะพะน ะดะปั ัะตะฑั ะฝะพะฒะตะนัะธะต ัะฐะนะฝั ัะฒะพะตะน ะฟัะพัะตััะธะพะฝะฐะปัะฝะพะน ะดะตััะตะปัะฝะพััะธ.
"ะขะฐะนะฝั","๐ฎะัััะธะต ัะฐะนะฝั โ ััะพ ัะต, ะบะพัะพััะต ะฝะต ัะฐัะบัััั."
ะกะตะผัั,๐ฎะกะตะผัั โ ัะฐะผัะน ะฒะฐะถะฝัะน ัะพัะท. 
ะะดะพัะพะฒัะต,๐ฎะัะฝะพัะธัั ัะตัััะทะฝะพ ะบ ัะฒะพะตะผั ะทะดะพัะพะฒัั.
"ะกะปะพะถะฝะพะต ัะตัะตะฝะธะต","๐ฎะะต ะฑะพะนัั ัะปะพะถะฝัั ัะตัะตะฝะธะน, ะพะฝะธ โ ะบะปัั ะบ ะทะพะปะพัั."
ะงัะพ ะฟัะธะณะพัะพะฒะธัั,๐ฎะัะธะณะพัะพะฒั ัะตะฑะต ะฒะบััะฝะตะนัะธะน ัะพัั ั ะฐะฒะพะบะฐะดะพ ะธ ะนะพะณัััะพะผ.
"ะะตะฝัะณะธ","๐ฎะะต ัะพั, ะบัะพ ััะฐะฝะธั ะดะตะฝัะณะธ, ะฑะพะณะฐั."
ะกะปะพะถะฝะพะต ัะตัะตะฝะธะต,๐ฎะะต ะฑะพะนัั ัะฑะธัััั ั ะฟััะธ.
ะััะพะดะฝัะต,๐ฎะขะตะฑั ะถะดัั ะพัะพะฑะตะฝะฝัะต ะฒััะพะดะฝัะต. ะะฐัะปะฐะถะดะฐะนัั ัะฒะพะฑะพะดะพะน ะธ ะฝะต ะฟะปะฐะฝะธััะน ัะปะธัะบะพะผ ะผะฝะพะณะพ ะดะตะป.
ะะดะพัะพะฒัะต,๐ฎะัะดะพัะฝััั ะธ ะฟัะพะดะพะปะถะธัั ัะฐะฑะพัั โ ััะพ ะดะฒะต ัะฐะทะฝัะต ะฒะตัะธ.
ะะดะฐ,๐ฎะขะฐะนะฝัะต ะทะฝะฐะผะตะฝะธั ะธะฝะพะณะดะฐ ะผะพะณัั ะฑััั ะฝะฐะนะดะตะฝั ะฟััะผะพ ะฝะฐ ะบััะฝะต. 
"ะะดะฐ","๐ฎะัะฑะธัะฐะน ะฟัะพะดัะบัั, ะบะพัะพััะต ะทะฝะฐะบะพะผั ะธ ัะดะพะฑะฝั ะฒ ะฟัะธะณะพัะพะฒะปะตะฝะธะธ, ััะพ ะฟะพะผะพะถะตั ะธะทะฑะตะถะฐัั ัััะตััะฐ ะฒะพ ะฒัะตะผั ะฟัะธะณะพัะพะฒะปะตะฝะธั ะตะดั."
ะะดะพัะพะฒัะต,๐ฎะัะดะพัะฝััั โ ะทะฝะฐัะธั ะฝะต ะพัะฒะปะตะบะฐัััั ะฝะฐ ะผะธั ัะฝะฐััะถะธ.
ะะฐะฑะพัะฐ,๐ฎะัะบัะพะน ะดะฒะตัะธ ะฟะตัะตะด ัะพะฑะพะน ะธ ะทะฝะฐะน ัะฒะพั ะธััะธะฝะฝะพะต ะฟัะตะดะฝะฐะทะฝะฐัะตะฝะธะต.
"ะััะพะดะฝัะต","๐ฎะัะฟัะฐะฒะปัะนัั ะฒ ะฟััั, ััะพะฑั ะฟัะพะฒะตััะธ ะฒััะพะดะฝะพะน ะฒ ัะพะปะฝะตัะฝัั ะฟะตะนะทะฐะถะฐั, ะณะดะต ะบะฐะถะดัะน ะปัั ัะพะปะฝัะฐ ะดะตะปะฐะตั ะถะธะทะฝั ัะตะฟะปะตะต."
"ะะดะพัะพะฒัะต","๐ฎะะพะผะฝะธ, ััะพ ัะพะฝ โ ะบะปัั ะบ ะทะดะพัะพะฒัั ะธ ะฝะฐัะปะฐะถะดะตะฝะธั ะถะธะทะฝัั."
ะััะพะดะฝัะต,๐ฎะกะฒะพะฑะพะดะฐ โ ััะพ ะปัััะธะน ัะฟะพัะพะฑ ะฝะฐะนัะธ ัะตะฑั.
"ะััะถะฑะฐ","๐ฎะัััั ัะฒะพั ะดััะถะฑะฐ ะฑัะดะตั ะบัะตะฟะบะพะน, ะบะฐะบ ะทะดะฐะฝะธะต."
ะะตัะธ,๐ฎะัะฝะพัะตะฝะธั ั ะดะตััะผะธ โ ััะพ ะฟััั ะบ ะฒะตัะฝะพะน ะผะพะปะพะดะพััะธ.
ะะฐะฑะพัะฐ,๐ฎะัะบัะพะน ะณะปะฐะทะฐ ัะธัะพะบะพ ะธ ัะฒะธะดะธัั ะฒะพะทะผะพะถะฝะพััะธ.
ะะตัะธ,๐ฎะงะธัะฐะนัะต ะฟะพะฑะพะปััะต.
"ะะตัะธ","๐ฎะัะฒะตัั ะฝะฐ ัะฒะพะธ ะดะตััะบะธะต ะฒะพะฟัะพัั ะฟะพัะพะน ะทะฐะผะฐะฝัะธะฒั, ะฝะพ ะปัััะต ะฟะพะดะพะนัะธ ะบ ะดะตะปั ัะตัััะทะฝะพ."
"ะะตะฝัะณะธ","๐ฎะะตะฝัะณะธ โ ััะพ ะบะปัั, ะฝะพ ะฝะต ะฒัะตะผ ะฟะพะดัะพะดะธั."
ะะดะพัะพะฒัะต,๐ฎะกะผะตะนัั โ ะธ ะฑัะดะตัั ะทะดะพัะพะฒ!
"ะะฐััะตัะฐ","๐ฎะะพะน ัะพะฒะตั ะทะฐะบะปััะฐะตััั ะฒ ัะพะผ, ััะพะฑั ะฟะพััะพัะฝะฝะพ ะธะทััะฐัั ัะตะฑั."
ะะตะฝัะณะธ,๐ฎะัััั ะดะตะฝัะณะธ ัะตะฑั ัะปััะฐัััั.
ะะฐััะตัะฐ,๐ฎะัะบัะพะน ะดะปั ัะตะฑั ะฝะพะฒัะน ะผะธั ะฒะพะทะผะพะถะฝะพััะตะน.
"ะััะถะฑะฐ","๐ฎะััะถะฑะฐ โ ััะพ ะฝะต ัะพะปัะบะพ ะพะฑะผะตะฝ ะฟะพะดะฐัะบะฐะผะธ, ะฝะพ ะธ ัะผะตะฝะธะต ัะตัะฟะตัั ะดััะณ ะดััะณะฐ ะฒ ะฟะปะพัะพะต ะธ ัะพัะพัะตะต ะฒัะตะผั."
"ะัะตะปะพััั","๐ฎะะทะณะปัะฝะธ ะฝะฐ ะผะธั ัะบะฒะพะทั ะฟัะธะทะผั ัะผะพัะฐ, ะธ ัั ัะฒะธะดะธัั, ััะพ ะดะฐะถะต ัะฐะผัะต ัะตัััะทะฝัะต ะฟัะพะฑะปะตะผั ะพะฑัะตัะฐัั ะดััะณะพะต ะธะทะผะตัะตะฝะธะต."
ะะดะพัะพะฒัะต,๐ฎะัะดะพัะฝััั ะธ ะฟัะพะดะพะปะถะธัั ัะฐะฑะพัั โ ะฒะฐะถะฝะฐั ัะฐััั ะฟะพะดะดะตัะถะฐะฝะธั ะทะดะพัะพะฒัั.
"ะััะพะดะฝัะต","๐ฎะัะฟัะฐะฒะปัะนัั ะฒ ะฟััั, ััะพะฑั ะฝะฐะนัะธ ะพัะดัั ะธ ัะฐะดะพััั ะบะฐะถะดัะน ะดะตะฝั."
ะะดะพัะพะฒัะต,๐ฎะะฐัะปะฐะถะดะฐัััั ะถะธะทะฝัั โ ะฒะพั ะบะปัั ะบ ะทะดะพัะพะฒัั.
"ะะดะฐ","๐ฎะัะฑะพั ะตะดั ะฒะปะธัะตั ะฝะฐ ะฝะฐัะต ัะตะปะพ ะธ ะดัั. ะัะฑะธัะฐะน, ััะพ ะฟะธัะฐะตั ัะฒะพั ยซัยป โ ะถะธะฒะพัะฝะพะต ะธ ัะตะปะพะฒะตัะตัะบะพะต."
ะะดะพัะพะฒัะต,๐ฎะัะดะพัะฝััั ะบะฐะถะดัะน ะดะตะฝั โ ััะพ ะทะดะพัะพะฒัะน ะฟัะธัะผ ะดะปั ะฟะพะดะดะตัะถะฐะฝะธั ะทะดะพัะพะฒัั.
"ะัะตะปะพััั","๐ฎะัะบัะพะน ะณะปะฐะทะฐ, ะธ ะผะธั ััะฐะฝะตั ััะฝะตะต."
ะะตัะธ,๐ฎะกะพััะฐะฝัะน ะปัะฑะพะฟััััะฒะพ!
"ะััะถะฑะฐ","๐ฎะััะถะฑะฐ โ ััะพ ะบะปัั ะบ ะฝะตะฑะตัะฐะผ ะทะฝะฐะฝะธะน ะธ ะปัะฑะฒะธ, ะฝะพ ะฒัะตะณะดะฐ ะดะตัะถะธัั ะทะฐ ัะฒะพั ะดััั, ััะพะฑั ะฝะต ัะฟะฐััั ะฝะฐ ะบะพะปะตะฝะธ."
ะะดะพัะพะฒัะต,๐ฎะะต ะฟัะตะฝะตะฑัะตะณะฐะน ะผะตะดะธัะธะฝัะบะพะน ะฟัะพัะธะปะฐะบัะธะบะพะน.
"ะะดะฐ","๐ฎะัะธ ัะฐะดะพััั ะฒ ะบะฐะถะดะพะผ ะดะฝะต, ะธ ะฟัััั ะตะดะฐ ัะตะฑะต ะฒ ััะพะผ ะฟะพะผะพะถะตั."
"ะะตะฝัะณะธ","๐ฎะะตะฝัะณะธ โ ััะพ ะฒัะตะณะพ ะปะธัั ะธะฝััััะผะตะฝั, ะณะปะฐะฒะฝะพะต โ ะฟัะฐะฒะธะปัะฝะพ ะธั ะธัะฟะพะปัะทะพะฒะฐัั."
"ะะฐะฑะพัะฐ","๐ฎะัะบัะพะน ะณะปะฐะทะฐ ะธ ะฝะฐัะฝะธ ะธัะบะฐัั ัะฐะบัั ัะฐะฑะพัั, ะฒ ะบะพัะพัะพะน ัั ัะผะพะถะตัั ัะผะตะปะพ ัะฐััะฒะตััะธ ะธ ัะฐัะบัััััั."
"ะกะปะพะถะฝะพะต ัะตัะตะฝะธะต","๐ฎะัะฑะธัะฐะน ัะพ, ััะพ ัะตะฟะปะพะต ะธ ะปะฐัะบะพะฒัะต, ะบะฐะบ ะบะพัะบะฐ ั ะฝะพะณ."
"ะััะพะดะฝัะต","๐ฎะัะฟัะฐะฒะปัะนัั ะฒ ะฟััะตัะตััะฒะธะต. ะะพะบััะณ ัะฒะตัะฐ ะธะปะธ ะฒะณะปัะฑั ะบะพะฝัะธะฝะตะฝัะฐ, ะณะปะฐะฒะฝะพะต โ ะธััะปะตะดะพะฒะฐัั ะธ ัะฐััะธัััั ัะฒะพะธ ะณัะฐะฝะธัั."
"ะะตะฝัะณะธ","๐ฎะะตะฝัะณะธ โ ััะพ ะฝะต ัะพะปัะบะพ ะพััะถะธะต, ะฝะพ ะธ ะธััะพัะฝะธะบ ะฟัะพะฑะปะตะผั."
"ะะดะพัะพะฒัะต","๐ฎะัะดะพัะฝััั โ ััะพ ะฝะต ัะพะปัะบะพ ะฟะตัะตััะฒ, ะฝะพ ะธ ัััะฐัะตะณะธั ะดะพะปะณะพััะพัะฝะพะณะพ ััะฟะตัะฐ."
"ะััะถะฑะฐ","๐ฎะกะฝะฐัะฐะปะฐ ะฟะพะฟัะพะฑัะน ะฑััั ะดััะณะธะผ, ะฐ ะฟะพัะพะผ ััะฐัั ัะพะฑะพะน."
"ะกะตะผัั","๐ฎะััะพัะพะถะฝะพ ั ะดััะทััะผะธ, ะบะฐะบ ั ะพะณะฝะตะผ!"
"ะขะฐะนะฝั","๐ฎะกะตะผั ัะฐะท ะพัะผะตัั, ะพะดะธะฝ ัะฐะท ะพััะตะถั."
ะััะพะดะฝัะต,๐ฎะขั ะฒัะตะณะดะฐ ะผะพะถะตัั ะฝะฐะนัะธ ะธััะธะฝั ะธ ัะทะฝะฐัั ััะดัะฑั.
"ะะตัะธ","๐ฎะะต ะฑะพะนัั ะฑััั ะฝะตะฟะพัะพะถะธะผ ะฝะฐ ะดััะณะธั, ะฒะตะดั ะบะฐะถะดัะน ะธะท ะฝะฐั โ ะพัะพะฑะตะฝะฝัะน!"
ะะตัะธ,๐ฎะัะฝะพัะตะฝะธั ั ะดะตััะผะธ โ ััะพ ะบะปัั ะบ ะฒะตัะฝะพะน ะผะปะฐะดะตะฝัะตัะบะพััะธ ะดััะธ.
ะััะตัะตััะฒะธั,๐ฎะัะฟัะฐะฒะปัะนัั ะฒ ะฟััะตัะตััะฒะธะต!
ะัะฑะพะฒั,๐ฎะัะฑะพะฒั โ ััะพ ัะตััั.
"ะััะตัะตััะฒะธั","๐ฎะะฝะต ะบะฐะถะตััั, ััะพ ัั ะดะพะปะถะตะฝ ะพัะฟัะฐะฒะธัััั ะฒ ะฟััั, ะฝะต ััะตัะฝัััั ะฒัะนัะธ ะธะท ะทะพะฝั ะบะพะผัะพััะฐ."
"ะกะตะผัั","๐ฎะกะตะผัั โ ะบะฐะบ ะทะฒะตะทะดะฐ, ะบะพัะพัะฐั ะฒัะตะณะดะฐ ัะฒะตัะธั ััะดะพะผ, ะฝะตัะผะพััั ะฝะฐ ัะตะผะฝะพัั ะฒะพะบััะณ."
ะกะปะพะถะฝะพะต ัะตัะตะฝะธะต,๐ฎะัะฑะธัะฐะน ะผะตั.
ะััะพะดะฝัะต,๐ฎะัะฟัะฐะฒะปัะนัั ะฒ ะฟััั.
"ะะฐะฑะพัะฐ","๐ฎะัะบัะพะน ะณะปะฐะทะฐ ัะธัะพะบะพ, ะธ ัั ัะฒะธะดะธัั ะฒะพะทะผะพะถะฝะพััะธ."
ะะฐััะตัะฐ,๐ฎะัะบัะพะน ะดะปั ัะตะฑั ะฝะพะฒัะน ะผะธั ะฒะพะทะผะพะถะฝะพััะตะน.
"ะะฐััะตัะฐ","๐ฎะะปั ััะฟะตัะฝะพะน ะบะฐััะตัั ะฝัะถะฝะพ ะฑััั ัะฐะบะธะผ, ะบะฐะบะพะน ัั ะตััั."
"ะััะพะดะฝัะต","๐ฎะัะดะพัะฝััั โ ะทะฝะฐัะธั ะพัะฟัััะธัั ะทะฐะฑะพัั ะธ ะฝะฐัะปะฐะดะธัััั ัะฒะพะฑะพะดะฝัะผ ะฒัะตะผะตะฝะตะผ, ะฟะพััะพะผั ะฝะต ะทะฐัะธะบะปะธะฒะฐะนัั ะฝะฐ ะฟะปะฐะฝะฐั."
ะะดะพัะพะฒัะต,๐ฎะัะดัั โ ััะพ ะบะปัั ะบ ะทะดะพัะพะฒัั.
ะกะตะผัั,๐ฎะ ัะตะผัะต ะบะฐะถะดัะน ะดะตะฝั โ ััะพ ะฟัะธะบะปััะตะฝะธะต.
ะะฐะฑะพัะฐ,๐ฎะัะบัะพะน ะณะปะฐะทะฐ ะธ ะฝะฐะนะดะธ ัะฒะพั ะฟัะตะดะฝะฐะทะฝะฐัะตะฝะธะต.
ะะดะพัะพะฒัะต,๐ฎะะฐะนะผะธัั ัะฟะพััะพะผ.
"ะกะตะผัั","๐ฎะัะบัะพะน ัะตัะดัะต, ะธัะธ ะพะฑัะธะน ัะทัะบ."
ะะฐััะตัะฐ,๐ฎะัะบัะพะน ะณะปะฐะทะฐ ะธ ะฝะต ะฑะพะนัั ะธะดัะธ ัะฒะพะธะผ ะฟัััะผ.
ะะดะฐ,๐ฎะัะบัะพะน ะฟะตัะฒัะน ะฟะพะฟะฐะฒัะธะนัั ัะตัะตะฟั ะธ ะฟัะธะณะพัะพะฒั!
ะะดะพัะพะฒัะต,๐ฎะัะดัั ะบะฐะถะดัะน ะดะตะฝั โ ััะพ ะทะฐะฒะตัะฝัะน ะฟััั ะบ ะทะดะพัะพะฒัั.
ะขะฐะนะฝั,๐ฎะัะบัะพะน ะณะปะฐะทะฐ โ ะธ ัะฒะธะดะธัั ะธััะธะฝั ะฒะพ ััะผะต.
ะััะถะฑะฐ,๐ฎะัะดั ะฟัะพัะต!
"ะะดะฐ","๐ฎะัััะต ะฝะต ะทะฐะฑัะฒะฐะน ะพ ัะพะผ, ััะพ ะตะดะฐ โ ััะพ ัะธะปะฐ."
ะััะพะดะฝัะต,๐ฎะัะฟัััะธ ะทะฐะฑะพัั ะธ ะฟะพะดะทะฐััะดะธัั.
ะขะฐะนะฝั,๐ฎะงััะฝัะน ะบะพั ะฟะพัะฒะปัะตััั ัะพะปัะบะพ ะฒ ัะฐะผัะน ะฝัะถะฝัะน ะผะพะผะตะฝั.
"ะะฐะฑะพัะฐ","๐ฎะะต ะฑะพะนัั ะธัะบะฐัั ะฝะพะฒัั ัะฐะฑะพัั, ะตัะปะธ ััะฒััะฒัะตัั, ััะพ ััะพ ะปัััะธะน ะฟััั ะบ ััะฐัััั."
ะะตะฝัะณะธ,๐ฎะัะบัะพะน ะฑะฐะฝะบะพะฒัะบัั ะบะฐััั!
ะะตะฝัะณะธ,๐ฎะะตะฝัะณะธ โ ะปะธัั ััะปะพะฒะฝัะต ะทะฝะฐะบะธ ะดะปั ะพะฑะผะตะฝะฐ.
ะงัะพ ะฟัะธะณะพัะพะฒะธัั,๐ฎะะพััะฐะฝั ะฒะฐะทั ะธ ะฝะฐะฟะพะปะฝะธ ะตั ัะฒะตัะฐะผะธ.
ะะดะพัะพะฒัะต,๐ฎะััั ััะฐััะปะธะฒัะผ โ ััะพ ะทะฝะฐัะธั ะฑััั ะทะดะพัะพะฒัะผ.
"ะะตัะธ","๐ฎะะต ะฑะพะนัั ะฑััั ะฝะตะฟะพะฝััะฝัะผ, ะธัะธ ัะฒะพั ะธััะธะฝะฝัั ะผัะทัะบั ะดััะธ."
"ะััะตัะตััะฒะธั","๐ฎะััะตัะตััะฒะธะต โ ััะพ ะณะปะฐะผััะฝัะน ะบะพัััะผ, ะบะพัะพััะน ะฝะต ะฒัะต ะผะพะณัั ัะตะฑะต ะฟะพะทะฒะพะปะธัั."
ะะตัะธ,๐ฎะัััั ัะตะฑั ะณัะตัั ะปััะธ ัะพะปะฝัะฐ!
ะะตัะธ,๐ฎะัะฝะพัะตะฝะธั ั ะดะตััะผะธ โ ััะพ ะฟััั ะบ ะฒะตัะฝะพะน ะผะพะปะพะดะพััะธ.
"ะะดะพัะพะฒัะต","๐ฎะัะพััะพ ัะปัะฑะฝะธัั, ะบะฐะบ ะบะพัะบะฐ, ะบะพัะพัะฐั ัะผะพััะธั ะฝะฐ ะบะฐััะธะฝะบั ั ััะธะบะฐะดะตะปัะบะฐะผะธ."
"ะััะพะดะฝัะต","๐ฎะัะดะพัะฝััั โ ััะพ ะบะฐะบ ะทะฐััะดะบะฐ ะดะปั ัะผััะฒะตะฝะฝัั ะผััั. ะะต ัะพะปัะบะพ ัะตะปะพ, ะฝะพ ะธ ัะฐะทัะผ ะฝัะถะดะฐัััั ะฒ ะพัะดััะต."
ะะดะพัะพะฒัะต,๐ฎะะต ะทะฐะฑัะฒะฐะน ะดะตะปะฐัั ะฟะตัะตััะฒั ะฝะฐ ะพัะดัั.
"ะััะถะฑะฐ","๐ฎะััะถะฑะฐ โ ััะพ ะฝะต ัะพะปัะบะพ ัะพะฒะผะตััะฝัะต ะฟะพะตะทะดะบะธ ะฒ ะผะฐะณะฐะทะธะฝ, ะฝะพ ะธ ะธัะบััััะฒะพ ะฝะฐัะพะดะธัั ะพะฑัะธะน ัะทัะบ ะฒ ะผะธัะต ัะฐะทะฝะพะณะปะฐัะธะน."
ะะดะพัะพะฒัะต,๐ฎะัะดะพัะฝััั ะธะฝะพะณะดะฐ ะธ ะดะฐะถะต ัะฐััะพ โ ััะพ ะฝะต ะฟะปะพัะพ.
ะัะฑะพะฒั,๐ฎะัะฑะพะฒั โ ััะพ ะฝะตะฒะตัะพััะฝะพะต ะฟััะตัะตััะฒะธะต.
ะะดะพัะพะฒัะต,๐ฎะกัะตะทะดะธ ะฝะฐ ะฟัะธัะพะดั.
ะะฐััะตัะฐ,๐ฎะัะบัะพะน ะดะปั ัะตะฑั ะฝะพะฒัะต ะฒะพะทะผะพะถะฝะพััะธ.
"ะะตะฝัะณะธ","๐ฎะะตะฝัะณะธ โ ััะพ ะบะปัั, ะฝะพ ะฝะต ะณะปะฐะฒะฝัะน."
ะะดะพัะพะฒัะต,๐ฎะัะดะพัะฝััั ะธ ะฟัะพะดะพะปะถะธัั ัะฐะฑะพัั ะฟะพัะพะผ ะฑัะดะตั ะฝะฐะผะฝะพะณะพ ะปัััะต.
ะััะตัะตััะฒะธั,๐ฎะััะฐะฝะพะฒะธะฒัะธะนัั ะฟััะฝะธะบ โ ะฝะฐ ัะฐะผะพะผ ะดะตะปะต ััะพ ัั.
"ะงัะพ ะฟัะธะณะพัะพะฒะธัั","๐ฎะัะฟัะฐะฒะปัะนัั ะฒ ะฟััั, ะฝะต ะทะฝะฐั, ัะตะณะพ ะถะดะฐัั."
ะะดะพัะพะฒัะต,๐ฎะัะดะพัะฝััั โ ััะพ ะทะฝะฐัะธั ะฑััั ะทะดะพัะพะฒัะผ. 
ะัะตะปะพััั,๐ฎะะพะทัะผะธ ะปะธัั ะฑัะผะฐะณะธ ะธ ัััะบั. ะ ัะธััะน.
ะะตัะธ,๐ฎะขั ะฝะฐ ัะฒะพัะผ ะผะตััะต.
ะะดะพัะพะฒัะต,๐ฎะัะธัะพะดะฐ ะปัะฑะธั ะฑะฐะปะฐะฝั. 
"ะกะตะผัั","๐ฎะะต ะฟััะฐะนัั ัะตัะฐัั ะฒัะต ะฟัะพะฑะปะตะผั ะพะดะฝะธะผ ัะดะฐัะพะผ, ะบะฐะบ ะณะตัะพะน ะธะท ัะธะปัะผะฐ."
"ะงัะพ ะฟัะธะณะพัะพะฒะธัั","๐ฎะัะฟะธ ะฑัะบะตั ัะฒะตัะพะฒ, ะพะฝ ะฑัะดะตั ะฝะต ะฟัะพััะพ ัะฐะดะพะฒะฐัั ะณะปะฐะท, ะฝะพ ะธ ะฝะฐะฟะพะปะฝะธั ัะตัะดัะต ัะฒะตัะพะผ."
"ะะดะพัะพะฒัะต","๐ฎะัะดัั โ ััะพ ะบะปัั ะบ ะทะดะพัะพะฒัั. ะะต ะทะฐะฑัะฒะฐะน ะดะตะปะฐัั ะฟะตัะตััะฒั, ััะพะฑั ัะตะปะพ ะธ ัะผ ะผะพะณะปะธ ะฒะพัััะฐะฝะพะฒะธัััั."
ะัะตะปะพััั,๐ฎะะทะณะปัะฝะธ ะฝะฐ ะผะธั ัะบะฒะพะทั ะฟัะธะทะผั ัะผะพัะฐ.
"ะกะปะพะถะฝะพะต ัะตัะตะฝะธะต","๐ฎะกะฟัะพัะธ ั ัะพะณะพ, ะบัะพ ะทะฝะฐะตั, ะบะฐะบ ัะธัะฐัั ัะฝั."
ะะดะพัะพะฒัะต,๐ฎะัะดััะฐะน ะฒ ะณะพัะฐั.
ะะดะพัะพะฒัะต,๐ฎะะต ะทะฐะฑัะฒะฐะน ะฟัะพ ะทะดะพัะพะฒัะน ัะพะฝ.
"ะกะตะผัั","๐ฎะกะตะผัั โ ััะพ ะตะดะธะฝััะฒะตะฝะฝะพะต ะผะตััะพ, ะณะดะต ะผะพะถะฝะพ ะฑััั ะธััะธะฝะฝัะผ ัะพะฑะพะน."
"ะััะถะฑะฐ","๐ฎะัะฝะพัะตะฝะธั ะผะตะถะดั ะปัะดัะผะธ โ ััะพ ะบะฐะบ ัะฐะฝะตั. ะะตะพะฑัะทะฐัะตะปัะฝะพ ะทะฝะฐัั ัะปะพะถะฝัะต ัะฐะณะธ, ะฒะฐะถะฝะพ ะดะฒะธะณะฐัััั ะฒ ัะฝะธัะพะฝ ะธ ะฟะพะฝะธะผะฐัั ะดััะณ ะดััะณะฐ."
"ะัะฑะพะฒั","๐ฎะขั ะฝะฐ ะฟะตัะตะบััััะบะต, ะณะดะต ะปัะฑะพะฒั ะธ ะถะธะทะฝั ัะฐััะพะดัััั."
ะะดะพัะพะฒัะต,๐ฎะะพะณััะทะธัั ะฒ ะผะธั ัะฝะพะฒ.
ะะดะพัะพะฒัะต,๐ฎะัะดััะฐะน! ะะดะพัะพะฒัะต โ ััะพ ะฝะต ัะพะปัะบะพ ะตะถะตะดะฝะตะฒะฝะฐั ะฐะบัะธะฒะฝะพััั ะธ ะดะธะตัะฐ.
"ะงัะพ ะฟัะธะณะพัะพะฒะธัั","๐ฎะะฐะนะผะธัั ัะฐะผะพัะตะบะปะฐะผะพะน. ะะพััะฐัะฐะนัั ะฟะพะบะฐะทะฐัั, ััะพ ัั ะผะพะถะตัั!"
"ะะดะพัะพะฒัะต","๐ฎะะฐะฑะพัะฐัั ั ะฟะพะปะฝัะผ ะฝะฐัะปะฐะถะดะตะฝะธะตะผ ะผะพะถะฝะพ ัะพะปัะบะพ ะฟะพัะปะต ัะพะณะพ, ะบะฐะบ ะฟัะพะฒะตะดััั ะฟะพะปัะฐัะฐ ะฝะฐ ัะฒะตะถะตะผ ะฒะพะทะดััะต."
ะะดะฐ,๐ฎะะฝะฐะฝะธั ะธะปะปัะทะพัะฝั.
ะะฐะฑะพัะฐ,๐ฎะัะบัะพะน ะดะฒะตัะธ ะฟะตัะตะด ัะพะฑะพะน.
ะะดะพัะพะฒัะต,๐ฎะะฐะฑะพัััั ะพ ัะตะฑะต.
ะะฐััะตัะฐ,๐ฎะัะธัะปััะธะฒะฐะนัั ะบ ัะพะฒะตัะฐะผ.
"ะะฐะฑะพัะฐ","๐ฎะัะธ ัะผััะป ะฒะพ ะฒััะผ, ััะพ ะฟัะพะธััะพะดะธั ะฒะพะบััะณ."
ะััะตัะตััะฒะธั,๐ฎะ ะฟััะตัะตััะฒะธะธ ะฝะตั ัะปััะฐะนะฝัั ะฒัััะตั. ะะฐะถะดะฐั ะพััะฐะฝะพะฒะบะฐ ะธะทะผะตะฝะธั ัะฒะพั ะถะธะทะฝั.
"ะะตะฝัะณะธ","๐ฎะะตะฝัะณะธ โ ััะพ ะบะปัั ะบ ะดะฒะตััะผ, ะฝะพ ะฝะต ะบ ัะตัะดัั."
ะะดะพัะพะฒัะต,๐ฎะัะดะพัะฝััั โ ััะพ ะทะฝะฐัะธั ะฑััั ะทะดะพัะพะฒัะผ.
"ะััะพะดะฝัะต","๐ฎะัะฟัะฐะฒะปัะนัะตัั ะฒ ะฟััะตัะตััะฒะธะต, ััะพะฑั ะฝะฐะนัะธ ะฒะดะพัะฝะพะฒะตะฝะธะต ะธ ะพัะบัะพะฒะตะฝะธั."
ะงัะพ ะฟัะธะณะพัะพะฒะธัั,๐ฎะะต ะทะฐัะธะบะปะธะฒะฐะนัั ะฝะฐ ะฟัะพัะปะพะผ.
ะะดะฐ,๐ฎะะต ัะฒะปะตะบะฐะนัั ัะปะฐะดะบะธะผ.
"ะะดะพัะพะฒัะต","๐ฎะะต ะทะฐะฑัะฒะฐะน, ััะพ ะฝะฐัะฐ ัะธะปะฐ ะฝะต ะฑะตัะบะพะฝะตัะฝะฐ. ะฃัะฟะตะฒะฐะน ะฒะพัััะฐะฝะฐะฒะปะธะฒะฐัััั."
ะงัะพ ะฟัะธะณะพัะพะฒะธัั,๐ฎะะต ะทะฐะฑัะฒะฐะน ะดะพะฑะฐะฒะธัั ะฝะตะผะฝะพะณะพ ะผะฐะณะธะธ ะฒ ะบะฐะถะดัะน ัะฐะณ.
"ะะดะพัะพะฒัะต","๐ฎะัะดะพัะฝััั โ ััะพ ะตะดะธะฝััะฒะตะฝะฝะพะต, ััะพ ะดะตะนััะฒะธัะตะปัะฝะพ ัะฟะฐัะฐะตั ะพั ะฒัะตั ะฑะพะปะตะทะฝะตะน."
"ะััะตัะตััะฒะธั","๐ฎะัะฟัะฐะฒะปัะนัั ะฒ ะฟััั, ะดะฐะถะต ะตัะปะธ ััะพ ะปะธัั ะฟัะพะณัะปะบะฐ ะฒ ะฟะฐัะบะต."
"ะะดะพัะพะฒัะต","๐ฎะฎะผะพั โ ััะพ ะทะฐััะดะบะฐ ะดะปั ัะตัะดะตั, ะบะพัะพัะฐั ะฟะพะผะพะณะฐะตั ะธะทะฑะตะณะฐัั ัะตัััะทะฝัั ะทะฐะฑะพะปะตะฒะฐะฝะธะน."
"ะกะตะผัั","๐ฎะกะตะผัั โ ะบะฐะบ ะทะฒะตะทะดะฐ. ะะต ะฒัะตะณะดะฐ ะฒะธะดะธัั ะตั, ะฝะพ ะทะฝะฐะตัั, ััะพ ะพะฝะฐ ะฒัะตะณะดะฐ ัะฐะผ."
"ะััะถะฑะฐ","๐ฎะัะตั ะดััะทะตะน ะฝัะถะฝะพ ะฟัะพะฒะตัะธัั ะฝะฐ ะธัะบัะตะฝะฝะพััั, ะฟัะตะถะดะต ัะตะผ ัะดะตะปะฐัั ะธะท ะฝะธั ัะตัะตะฑัะพ."
ะะตัะธ,๐ฎะััะฐะฒะฐะนัั ัะธัััะผ.
"ะััะตัะตััะฒะธั","๐ฎะะฐะฟะพะผะฝะธ, ััะพ ัะฐะผะพะต ะพะฟะฐัะฝะพะต ะฟััะตัะตััะฒะธะต โ ััะพ ะฟััะตัะตััะฒะธะต ะดััะธ."
ะะดะพัะพะฒัะต,๐ฎะะดะพัะพะฒัะต โ ะฝะฐัะฐ ัะฐะผะฐั ะฑะพะปััะฐั ัะตะฝะฝะพััั.
ะะดะฐ,๐ฎะัะฑะพั ะตะดั โ ะฒัะฑะพั ะถะธะทะฝะธ.
ะะดะพัะพะฒัะต,๐ฎะัะดัั โ ััะพ ะบะปัั ะบ ะทะดะพัะพะฒัั.
ะะดะพัะพะฒัะต,๐ฎะัะปะพะถะธ ะดะตะปะฐ ะธ ะฝะฐัะปะฐะถะดะฐะนัั ัะฟะพะบะพะนะฝัะผ ะฒัะตะผะตะฝะตะผ. ะะดะพัะพะฒัะต ััะตะฑัะตั ะฒะฝะธะผะฐะฝะธั ะธ ะทะฐะฑะพัั.
"ะะฐััะตัะฐ","๐ฎะัะบัะพะน ะดะปั ัะตะฑั ัะฐะนะฝั ะบะฐััะตัั, ะฝะพ ะธะผะตะน ะฒ ะฒะธะดั, ััะพ ัะฐะผะพะฟะพะทะฝะฐะฝะธะต โ ััะพ ะฝะตะฟัะตััะฒะฝัะน ะฟัะพัะตัั."
"ะัะตะปะพััั","๐ฎะะทัะพัะปะตะฝะธะต โ ััะพ ะบะพะณะดะฐ ัั ะฝะฐัะธะฝะฐะตัั ะฟะพะฝะธะผะฐัั, ััะพ ัั ะพะดะธะฝ."
ะะดะพัะพะฒัะต,๐ฎะััะฐะฝะพะฒะธัั ะธ ะฒะพัััะฐะฝะพะฒะธ ัะธะปั.
ะงัะพ ะฟัะธะณะพัะพะฒะธัั,๐ฎะัะธะณะพัะพะฒั ัะตะฑะต ะฐัะพะผะฐัะฝัะน ัะฐะน.
"ะััะตัะตััะฒะธั","๐ฎะัะฟัะฐะฒะปัะนัั ะฒ ะฟััั, ะฝะพ ะฝะต ะทะฐัะธะบะปะธะฒะฐะนัั ะฝะฐ ะฟะปะฐะฝะฐั. ะัััั ัะปััะฐะนะฝะพััะธ ะฑัะดัั ัะฒะพะธะผ ะฝะฐััะฐะฒะฝะธะบะพะผ."
ะัะฑะพะฒั,๐ฎะฎะผะพั โ ััะพ ะบะปัั ะบ ัะตัะดัั.
"ะััะถะฑะฐ","๐ฎะััะถะฑะฐ โ ััะพ ะฝะตะฒะตัะพััะฝะพะต ะฟัะพะดะพะปะถะตะฝะธะต ะฟััะตัะตััะฒะธั ะถะธะทะฝะธ, ัะฐะบ ะบะฐะบ ัะพะฑะตัะตะดะฝะธะบ ะผะพะถะตั ััะฐัั ัะฐะผัะผ ะปัััะธะผ ะบะพะผะฟะฐัะพะผ."
ะกะตะผัั,๐ฎะะพะทะฝะฐะบะพะผััั ั ะบะฐะถะดัะผ ัะปะตะฝะพะผ ัะตะผัะธ ะบะฐะบ ั ะพัะดะตะปัะฝะพะน ะฟะปะฐะฝะตัะพะน.
"ะััะพะดะฝัะต","๐ฎะกะฟะตัะธ ััะดะฐ, ะณะดะต ะธััะธะฝะฐ."
"ะกะตะผัั","๐ฎะัััั ะฒะฐัะต ะพะฑัะตะฝะธะต ะฑัะดะตั ะบะฐะบ ัะพะปะฝัะต, ะบะพัะพัะพะต ัะฒะตัะธั ะฒัะตะผ."
ะะฐะฑะพัะฐ,๐ฎะะฐะฑะพัะฐ โ ััะพ ะฟััั ะบ ััะฟะตัั.
"ะััะพะดะฝัะต","๐ฎะัััะต ะฑััั ะทะดะพัะพะฒัะผ ะธ ะฑะพะณะฐััะผ, ัะตะผ ะฑะตะดะฝัะผ ะธ ะฑะพะปัะฝัะผ."
ะะดะพัะพะฒัะต,๐ฎะัะธ ะพัะฒะตัั ะฒ ัะฐะผัั ะผะฐะปะตะฝัะบะธั ะฒะตัะฐั.
"ะัะตะปะพััั","๐ฎะกะตะบัะตัะฝะพะต ะทะฝะฐะฝะธะต โ ะบะปัั ะบ ััะฟะตัั, ะฝะพ ะดะตัะถะธ ะตะณะพ ะฒ ัะตะบัะตัะต, ััะพะฑั ะฝะต ะฝะฐะฒัะตะดะธัั ัะตะฑะต."
ะะดะพัะพะฒัะต,๐ฎะะต ะทะฐะฑัะฒะฐะน ะพัะดััะฐัั.
ะะดะพัะพะฒัะต,๐ฎะะฐะดัะน ัะตะฑั ะบะฐะถะดัะน ะดะตะฝั.
ะงัะพ ะฟัะธะณะพัะพะฒะธัั,๐ฎะะฐัะตะถั ัะตะฑะต ะฝะพะถะฝะธัะฐะผะธ ะฒัะตะผั.
ะััะตัะตััะฒะธั,๐ฎะกะพะณะปะฐัะฐะนัั ะฝะฐ ะปัะฑะพะต ะฟััะตัะตััะฒะธะต.
ะะดะพัะพะฒัะต,๐ฎะัะดะพัะฝััั ะธ ะฟัะพะฒะตััะธ ะฒัะตะผั ะฒ ะบะพะผะฟะฐะฝะธะธ ะฑะปะธะทะบะธั โ ััะพ ัะฐะผะพะต ะณะปะฐะฒะฝะพะต ะดะปั ะฟะพะดะดะตัะถะฐะฝะธั ะทะดะพัะพะฒัั.
ะงัะพ ะฟัะธะณะพัะพะฒะธัั,๐ฎะัะธัะปะพ ะฒัะตะผั ะพัะบััะฒะฐัั ะฝะพะฒะพะต.
"ะะดะฐ","๐ฎะะฐะฟัะฐะฒั ะฒัั ัะฒะพั ัะฝะตัะณะธั ะฝะฐ ะฟัะธะณะพัะพะฒะปะตะฝะธะต ะตะดั. ะะพะทะผะพะถะฝะพ, ะพะฝะฐ ะฟัะตะฒัะฐัะธััั ะฒ ะฝะฐััะพััะธะน ัะตะดะตะฒั."
"ะขะฐะนะฝั","๐ฎะัะบัะพะน ะณะปะฐะทะฐ ะธ ะฝะฐัะปะฐะดะธัั ัะฐะนะฝะพะน ัะพะทะดะฐะฝะธั ะผะธัะฐ, ะบะฐะถะดะฐั ะผะธะฝััะฐ ะบะพัะพัะพะน ะดะตะปะฐะตั ัะฒะพั ะถะธะทะฝั ะธะฝัะตัะตัะฝะตะต."
"ะกะตะผัั","๐ฎะัะฑะตัะธ ัะบะฐะทะบั, ะบะพัะพััั ัะพัะตััั ัะฐััะบะฐะทะฐัั ัะตะฑัะฝะบั."
"ะะดะฐ","๐ฎะกะบะฐะถะธ ะฝะตั ะบะพะฝัะตัะบะต, ะบะพะณะดะฐ ะพะฝะฐ ะฟัะธะณะปะฐัะฐะตั ัะตะฑั ััะตััั."
"ะกะตะผัั","๐ฎะ ัะตะผัะต ะฒัะต ะผะพะณัั ะฑััั ะฝะต ัะฐะบะธะผะธ, ะบะฐะบะธะผะธ ะบะฐะถัััั ะฝะฐ ะฟะตัะฒัะน ะฒะทะณะปัะด."
"ะงัะพ ะฟัะธะณะพัะพะฒะธัั","๐ฎะัะตะถะดะต ัะตะผ ะฟัะธะณะพัะพะฒะธัั ะพะฑะตะด, ะทะฐะณะปัะฝะธัะต ะฒ ะฑัะดััะตะต!"
"ะััะพะดะฝัะต","๐ฎะัะฑะฐะปะบะฐ โ ััะพ ะฝะต ะฟัะพััะพ ะฒัะตะผัะฟัะตะฟัะพะฒะพะถะดะตะฝะธะต, ะฝะพ ะธ ัะฐะฝั ะฝะฐะปะฐะดะธัั ะพัะฝะพัะตะฝะธั ั ะฑะปะธะทะบะธะผะธ."
"ะะฐะฑะพัะฐ","๐ฎะัะบัะพะน ะดะฒะตัะธ ะฟะตัะตะด ัะพะฑะพะน, ะธ ัั ัะฒะธะดะธัั ัะฐะฑะพัั, ะบะพัะพััั ะธัะบะฐะป."
"ะะตัะธ","๐ฎะัะฝะพัะตะฝะธั ั ะดะตััะผะธ โ ััะพ ะบะพะณะดะฐ ัั ะธะณัะฐะตัั ะฝะต ะฒ ะธะณัั, ะฐ ะฒ ะถะธะทะฝั."
"ะะดะพัะพะฒัะต","๐ฎะะต ะทะฐะฑัะฒะฐะน ะพััะพัะพะถะฝะพ ะพัะดััะฐัั, ััะพะฑั ะถะธัั ะฝะฐ ะฟะพะปะฝัั ะผะพัะฝะพััั."
"ะกะตะผัั","๐ฎะฎะผะพั โ ััะพ ะบะปัั ะบ ะทะดะพัะพะฒัะผ ะพัะฝะพัะตะฝะธัะผ. ะััะตะปัะตั, ััะฟะพะบะฐะธะฒะฐะตั ะธ ัะฟะพัะพะฑััะฒัะตั ะณะฐัะผะพะฝะธัะฝะพะผั ะผะธัั."
"ะััะตัะตััะฒะธั","๐ฎะัะฟัะฐะฒััั ะฒ ะฟััั, ะดะฐะถะต ะตัะปะธ ััะพ ะฒัะตะณะพ ะปะธัั ะฒ ะณะพััะธ ะบ ัะพัะตะดั."
"ะะฐััะตัะฐ","๐ฎะะธั ะบะฐััะตัั โ ััะพ ะธะณัะฐ, ะณะดะต ัั ัะฐะผ ะพะฟัะตะดะตะปัะตัั ะฟัะฐะฒะธะปะฐ. ะะต ะฑะพะนัั ะบััััั ะฟะพะฒะพัะพัะพะฒ!"
ะะดะฐ,๐ฎะะฐัะปะฐะถะดะฐะนัั ัะฐะทะฝะพะพะฑัะฐะทะธะตะผ ะธ ะฝะต ะฑะพะนัั ะฝะพะฒัั ะฒะบััะพะฒ!
ะััะตัะตััะฒะธั,๐ฎะัะฟัะฐะฒััั ะฒ ะฟััั!
"ะััะตัะตััะฒะธั","๐ฎะกะตะผั ัะฐะท ะพัะผะตัั, ะพะดะธะฝ ะพััะตะถั. ะะพ ะฒัะตะผั ะฟััะตัะตััะฒะธะน ััะพ ะพะทะฝะฐัะฐะตั, ััะพ ะปัััะต ัะพัะพัะพ ะฟะพะดะณะพัะพะฒะธัััั."
ะะฐััะตัะฐ,๐ฎะัะบัะพะน ะฝะพะฒัะน ะบะฐััะตัะฝัะน ะฟััั ะฝะตะพะถะธะดะฐะฝะฝัะผ ะทะฝะฐะบะพะผััะฒะพะผ.
ะะดะฐ,๐ฎะัะฟะพะปัะทัะน ัะปััะฐะนะฝัะน ัะตัะตะฟั!
"ะััะตัะตััะฒะธั","๐ฎะะพัะพะณะฐ โ ััะพ ะฟะตัะตัะพะดะฝัะน ะฟัะพัะตัั, ะฒะตะดััะธะน ะบ ะฑัะดััะตะผั."
ะะดะพัะพะฒัะต,๐ฎะัะดัั โ ััะพ ะทะดะพัะพะฒัะต.
"ะะดะฐ","๐ฎะัะฟัะฐะฒะปัะนัั ะฒ ัะตััะพัะฐะฝ, ะธะฝะฐัะต ะณะพะปะพะด ัะฑััั ัะตะฑั!"
ะะดะฐ,๐ฎะะฐัะปะฐะดะธัั ะฟัะพัะตััะพะผ ะฟัะธะณะพัะพะฒะปะตะฝะธั ะฟะธัะธ.
"ะัะฑะพะฒั","๐ฎะัะบัะพะน ัะตัะดัะต, ะบะฐะบ ะดะฒะตัั."
"ะะตะฝัะณะธ","๐ฎะะตะฝัะณะธ โ ััะพ ะธะฝััััะผะตะฝั, ะฐ ะฝะต ะผะตััะฐ. ะัะฟะพะปัะทัะน ะธั ะดะปั ัะพะณะพ, ััะพ ะฟัะธะฝะพัะธั ัะฐะดะพััั."
ะะดะพัะพะฒัะต,๐ฎะะตะปะฐะน ะฒัะฑะพั ะฒ ะฟะพะปัะทั ะทะดะพัะพะฒัั.
ะะฐััะตัะฐ,๐ฎะัะบัะพะน ะดะปั ัะตะฑั ะฝะพะฒัะน ะผะธั ะฒะพะทะผะพะถะฝะพััะตะน.
"ะะตะฝัะณะธ","๐ฎะัะฟัะฐะฒั ะดะตะฝัะณะธ ะฒ ะฟััะตัะตััะฒะธะต, ะธ ะพะฝะธ ะฒะตัะฝัััั ะบ ัะตะฑะต ั ะฟะพััััะฐััะธะผะธ ะธััะพัะธัะผะธ."
ะะดะพัะพะฒัะต,๐ฎะะปัั ะบ ะทะดะพัะพะฒัั โ ััะฒััะฒะพ ัะผะพัะฐ.
"ะะตัะธ","๐ฎะัะฝะพัะตะฝะธั ั ะดะตััะผะธ โ ััะพ ะฝะต ัะพะปัะบะพ ะธะณัะฐ, ะฝะพ ะธ ะฒะฐะถะฝัะน ััะตะฑะฝัะน ะฟัะพัะตัั."
"ะััะตัะตััะฒะธั","๐ฎะัะฟัะฐะฒั ัะตะฑั ะฒ ะฟััั, ะธ ะฟัััั ะฟััั ัะฐะผ ะฝะฐะนะดัั ัะตะฑั."
ะะดะพัะพะฒัะต,๐ฎะัะดะพัะฝะธ ะธ ะฟัะพะดะพะปะถะฐะน ะดะฒะธะถะตะฝะธะต ะฒะฟะตััะด.
"ะััะตัะตััะฒะธั","๐ฎะะธั ะฟะพะปะพะฝ ัะฐะนะฝ, ะธ ะบะฐะถะดัะน ัะฐะณ ะผะพะถะตั ะพัะบัััั ัะตะฑะต ะฝะพะฒัะต ะณะพัะธะทะพะฝัั."
ะะดะพัะพะฒัะต,๐ฎะัะดััะฐะน ะบะฐะบ ะบะพั ะฝะฐ ะบะปะฐะฒะธะฐัััะต.
"ะัะตะปะพััั","๐ฎะัะบัะพะน ะณะปะฐะทะฐ, ะฝะพัั ะฟัะพะนะดัั."
ะะตัะธ,๐ฎะะต ะฑะพะนัั ัะบะฐะทะฐัั ะณะปัะฟะพััั.
ะะตัะธ,๐ฎะะพะฟัะพะฑัะน ะทะฐะดะฐัั ัะฒะพะน ะฒะพะฟัะพั ัะตะฑัะฝะบั.
ะัะฑะพะฒั,๐ฎะฎะผะพั โ ััะพ ะบะปัั ะบ ัะตัะดัั. . 
ะะดะพัะพะฒัะต,๐ฎะัะดัั โ ััะพ ะปะตะบะฐัััะฒะพ ะดะปั ะทะดะพัะพะฒัั.
"ะกะปะพะถะฝะพะต ัะตัะตะฝะธะต","๐ฎะัะฒะตัั ะฟัะพััะพ ะธ ััะฝะพ, ะบะฐะบ ะฑัะดัะพ ัะผะพััะธัั ะฒ ะทะตัะบะฐะปะพ."
ะขะฐะนะฝั,๐ฎะัะบัะพะน ะณะปะฐะทะฐ ะธ ะฝะฐัะปะฐะดะธัั ัะฐะนะฝะพะน.
"ะััะพะดะฝัะต","๐ฎะัะธัะพะดะฐ โ ััะพ ะฑะพะปััะพะน ัะตะฐัั, ะณะดะต ัั ะผะพะถะตัั ััะฐัั ะทัะธัะตะปะตะผ ะธะปะธ ะดะฐะถะต ััะฐััะฝะธะบะพะผ ัะฟะตะบัะฐะบะปั."
"ะะดะพัะพะฒัะต","๐ฎะะทะณะปัะฝะธ ะฝะฐ ะฑะพะปััะพะณะพ ัะปะพะฝะฐ, ะฐ ะฝะต ะฝะฐ ะตะณะพ ัะพะณะฐ."
"ะะดะพัะพะฒัะต","๐ฎะัะบัะพะน ะณะปะฐะทะฐ ะธ ัะปัะฑะฝะธัั, ะฒะตะดั ะทะดะพัะพะฒัะต โ ััะพ ัะฒะพะน ะบัะตะฟะบะธะน ััะฝะดะฐะผะตะฝั."
"ะััะพะดะฝัะต","๐ฎะัะฟัะฐะฒะปัะนัั ะฒ ะฟััั, ะฝะต ะทะฝะฐั, ะณะดะต ัั ะพะบะฐะถะตัััั."
"ะะฐััะตัะฐ","๐ฎะัะฑะตัะธ ะฟัะพัะตััะธั, ะบะพัะพััั ัั ะปัะฑะธัั."
"ะะตะฝัะณะธ","๐ฎะะตะฝัะณะธ ะผะพะถะฝะพ ะธัะฟะพะปัะทะพะฒะฐัั ะดะปั ะฝะฐัะปะฐะถะดะตะฝะธั ะธะปะธ ัััะฐะดะฐะฝะธะน, ะฒัะฑะพั ะทะฐ ัะพะฑะพะน."
"ะััะตัะตััะฒะธั","๐ฎะััะตัะตััะฒัะน, ะบะฐะบ ะฑัะดัะพ ัั ะบะพัะบะฐ, ะณัะปัััะฐั ัะฐะผะฐ ะฟะพ ัะตะฑะต."
"ะกะตะผัั","๐ฎะัะฝะพัะตะฝะธั ะฒ ัะตะผัะต โ ััะพ ััะฝะดะฐะผะตะฝั, ะฝะฐ ะบะพัะพัะพะผ ัััะพะธััั ะฒะฐัะต ัััะตััะฒะพะฒะฐะฝะธะต. ะัััั ะพะฝ ะฑัะดะตั ะบัะตะฟะบะธะผ."
ะะตัะธ,๐ฎะะตัะธ โ ัะตะฝะธ ะฒะตะปะธะบะพะณะพ ะดัะตะฒะฐ ะฟะพะทะฝะฐะฝะธะน.
ะะตัะธ,๐ฎะะต ะฑะพะนัั ะฑััั ะธะดะธะพัะพะผ โ ััะพ ะพะดะธะฝ ะธะท ะฟััะตะน ัะฐะทะฒะธัะธั.
ะัะตะปะพััั,๐ฎะะต ะทะฐะฑัะฒะฐะน ะพ ะดะฒะธะถะตะฝะธะธ.
ะงัะพ ะฟัะธะณะพัะพะฒะธัั,๐ฎะัะฟะตะบะธ ัะพัั.
"ะะตะฝัะณะธ","๐ฎะะตะฝัะณะธ โ ััะพ ะปะธัั ะธะฝััััะผะตะฝั, ะธั ัะตะฝะฝะพััั ะธะทะผะตััะตััั ะฒ ะฝะฐะดะตะถะดะฐั ะธ ะผะตััะฐั."
"ะััะถะฑะฐ","๐ฎะ ะดััะถะฑะต ะฝะตั ะปะธัะฝะตะณะพ. ะะฐะถะดัะน ะดััะณ ะดะพะฑะฐะฒะปัะตั ะพัะพะฑะตะฝะฝะพััะธ, ะดะตะปะฐะตั ะฟััั ะธะฝัะตัะตัะฝะตะต."
"ะััะถะฑะฐ","๐ฎะกะตะผั ัะฐะท ะพัะผะตัั, ะพะดะธะฝ ะพััะตะถั."
ะกะตะผัั,๐ฎะ ัะตะผัะต ะบะฐะถะดัะน ะดะตะฝั โ ะฟัะธะบะปััะตะฝะธะต.
ะะดะพัะพะฒัะต,๐ฎะะทะฑะตะณะฐะน ัััะตััะฐ.
ะะดะพัะพะฒัะต,๐ฎะะต ะทะฐะฑัะฒะฐะน ะพัะดััะฐัั.
ะกะตะผัั,๐ฎะ ัะตะผัะต ะบะฐะถะดัะน ะดะตะฝั โ ะฟัะธะบะปััะตะฝะธะต.
ะะดะพัะพะฒัะต,๐ฎะะดะพัะพะฒัะน ัะพะฝ ะพัะตะฝั ะฒะฐะถะตะฝ.
"ะััะตัะตััะฒะธั","๐ฎะัััั ะฟััั ะฑัะดะตั ะฝะตะฟัะพััะพะน, ะฝะพ ะทะฐัะฒะฐััะฒะฐััะธะน."
"ะะตัะธ","๐ฎะะต ะฑะพะนัั ะฑััั ะฝะตะฟะพะฝััะฝัะผ, ะธัะธ ัะฒะพั ะธััะธะฝะฝัั ะผัะทัะบั ะดััะธ."
"ะะดะพัะพะฒัะต","๐ฎะะต ะฟะตัะตะณััะถะฐะน ัะตะฑั, ะธ ะทะดะพัะพะฒัะต ะฑัะดะตั ะฝะฐ ะฒััะพัะต!"
"ะะดะพัะพะฒัะต","๐ฎะกะฐะผะพะต ะณะปะฐะฒะฝะพะต โ ััะพ ัะปัะฑะบะฐ ะฝะฐ ะปะธัะต, ะดะฐะถะต ะฒ ัะฐะผัะต ัะปะพะถะฝัะต ะผะพะผะตะฝัั ะถะธะทะฝะธ."
ะะดะพัะพะฒัะต,๐ฎะัะดัั โ ััะพ ะบะปัั ะบ ะทะดะพัะพะฒัั.
ะะฐััะตัะฐ,๐ฎะัะบัะพะน ะดะปั ัะตะฑั ะฝะพะฒัะต ะณะพัะธะทะพะฝัั.
"ะััะถะฑะฐ","๐ฎะงัะพะฑั ัะบัะตะฟะธัั ะดััะถะฑั, ะฒัะตะณะดะฐ ะฟะพะดะดะตัะถะธะฒะฐะน ัะฒะพะธั ะดััะทะตะน."
ะะดะฐ"๐ฎะัะฑะตัะธ ะฝะตะพะถะธะดะฐะฝะฝัั ะตะดั.
"ะััะตัะตััะฒะธั","๐ฎะััะตัะตััะฒะธะต โ ััะพ ะฝะต ัะพะปัะบะพ ะธััะปะตะดะพะฒะฐะฝะธะต ะฝะพะฒัั ะผะตัั, ะฝะพ ะธ ะฒะพะทะฒัะฐัะตะฝะธะต ะดะพะผะพะน."
ะกะปะพะถะฝะพะต ัะตัะตะฝะธะต,๐ฎะัะดั ะฟัะพัััะผ ะธ ััะฝัะผ.
ะกะตะผัั,๐ฎะัะดั ัะฝะธััะพะดะธัะตะปัะฝัะผ ะบ ัะฒะพะธะผ ัะพะดะฝัะผ.
ะะดะฐ,๐ฎะ ะผะธัะต ะพ ะฟัะพะธััะพะถะดะตะฝะธะธ ะฟะธัะธ ะฝะตั ะฝะธัะตะณะพ ัะปััะฐะนะฝะพะณะพ.
ะะฐะฑะพัะฐ,๐ฎะัะบัะพะน ะดะปั ัะตะฑั ัะฐะนะฝั ัะฒะพะตะน ัะฐะฑะพัั.
ะกะตะผัั,๐ฎ ะะทะฐะธะผะฝะพะต ะฟะพะฝะธะผะฐะฝะธะต ะธ ัะตัะฟะตะฝะธะต โ ะบะปััะธ ะบ ััะฐััะปะธะฒะพะน ัะตะผัะต.
"ะขะฐะนะฝั","๐ฎะัะบัะพะน ัะตะฑะต ะณะปะฐะทะฐ ะธ ะฝะฐัะปะฐะถะดะฐะนัั ัะฐะนะฝะพะน, ะบะพัะพััั ัะพะทะดะฐะป ะผะธั ะดะปั ัะตะฑั."
"ะกะปะพะถะฝะพะต ัะตัะตะฝะธะต","๐ฎะัะฑะธัะฐะน ัะพ, ััะพ ัะตะฑะต ะดะพัะพะณะพ."
ะะตัะธ,๐ฎะกะตะผัั โ ััะพ ัะฒะพะต ะฑะพะปััะพะต ะฟัะธะบะปััะตะฝะธะต.
"ะััะถะฑะฐ","๐ฎะััะถะฑะฐ โ ััะพ ะบะฐะบ ะฟะฐัััะฝะธะบ, ะบะพัะพััะน ะดะตัะถะธััั ะฝะฐ ะฒะตััั ะพะฑัะธั ะฒะบััะพะฒ ะธ ะธะฝัะตัะตัะพะฒ."
"ะกะปะพะถะฝะพะต ัะตัะตะฝะธะต","๐ฎะัะฑะธัะฐะน ัะพ, ััะพ ะฟะตัะฒัะผ ะฟัะธัะพะดะธั ะฝะฐ ัะผ."
ะััะพะดะฝัะต,๐ฎะัะฟัะฐะฒะปัะนัั ะฒ ะฟัะธะบะปััะตะฝะธะต. 
ะะดะพัะพะฒัะต,๐ฎะัััั ัะฒะพะต ะทะดะพัะพะฒัะต ะฑัะดะตั ะฝะฐ ะฒััะพัะต!
ะะดะพัะพะฒัะต,๐ฎะะฐััะปะฐะฑััั ะธ ะฟะพะผะตะดะธัะธััะน.
ะกะปะพะถะฝะพะต ัะตัะตะฝะธะต,๐ฎะะพะดะฝะธะผะธ ะบััะปัั โ ะธ ะฟะพะปะตัะธัั.
ะะตะฝัะณะธ,๐ฎะ ะฟะพะณะพะฝะต ะทะฐ ะดะตะฝัะณะฐะผะธ ะฝะต ะฟะพัะตััะน ัะฒัะทั ั ัะตัะดัะตะผ.
"ะะดะพัะพะฒัะต","๐ฎะัะดััะฐะน, ะบะฐะบ ะบะพั ะฝะฐ ะบะปะฐะฒะธะฐัััะต."
"ะขะฐะนะฝั","๐ฎะัะบัะพะน ะณะปะฐะทะฐ ัะธัะพะบะพ, ะธ ัั ัะฒะธะดะธัั ัะฐะนะฝั."
ะะดะพัะพะฒัะต,๐ฎะะฟัะธะผะธะทะผ โ ััะพ ะบะปัั ะบ ะดะพะปะณะพะปะตัะธั. 
ะัะฑะพะฒั,๐ฎะฎะผะพั โ ััะพ ะบะปัั ะบ ัะตัะดัั.
"ะกะตะผัั","๐ฎะัะบัะพะน ัะตัะดัะต ะธ ะปัะฑะพะฒั, ะธ ัะตะผัั ะฑัะดะตั ััะฐััะปะธะฒะพะน."
ะะดะพัะพะฒัะต,๐ฎะัะฐั ะธ ะทะดะพัะพะฒัะน ะพะฑัะฐะท ะถะธะทะฝะธ โ ะปัััะธะต ััะตะดััะฒะฐ ะทะฐัะธัั ะพั ะฑะพะปะตะทะฝะตะน.
"ะะฐะฑะพัะฐ","๐ฎะัะบัะพะน ะดะฒะตัะธ ะฟะตัะตะด ัะพะฑะพะน, ะธ ัั ัะฒะธะดะธัั ะผะฝะพะถะตััะฒะพ ะฒะพะทะผะพะถะฝะพััะตะน, ะบะพัะพััะต ะถะดัั ัะฒะพะตะณะพ ัะฐัะฐ."
"ะกะตะผัั","๐ฎะกะตะผัั โ ััะพ ะผะตััะพ, ะณะดะต ะผะพะถะฝะพ ะฑััั ัะพะฑะพะน."
ะะดะพัะพะฒัะต,๐ฎะะทะณะปัะฝะธ ะฝะฐ ะผะธั ะบะฐะบ ะฝะฐ ะทะตัะบะฐะปะพ ัะฒะพะตะณะพ ัะตัะดัะฐ.
"ะกะตะผัั","๐ฎะะต ัะตัะดะธัั, ะตัะปะธ ะทะฐ ััะพะปะพะผ ัะฐัะธั ะผะพะปัะฐะฝะธะต."
ะััะพะดะฝัะต,๐ฎะะต ะทะฐะฑัะฒะฐะน ััะพัะพะณัะฐัะธัะพะฒะฐัั ะบะฐะถะดัะน ัะฐะณ!
"ะะตะฝัะณะธ","๐ฎะะตะฝัะณะธ โ ััะพ ะธะฝััััะผะตะฝั, ะฐ ะฝะต ะผะฐะณะธั. ะัะฟะพะปัะทัะน ะธั ะดะปั ะดะพััะธะถะตะฝะธั ัะฒะพะธั ัะตะปะตะน."
ะงัะพ ะฟัะธะณะพัะพะฒะธัั,๐ฎะะต ะทะฐะฑัะฒะฐะน ะดะพะฑะฐะฒะธัั ะฝะตะผะฝะพะณะพ ะผะฐะณะธะธ ะฒ ะบะฐะถะดัะน ัะฐะณ.
"ะััะถะฑะฐ","๐ฎะััะถะฑะฐ, ะบะฐะบ ะธ ะฐะทะฐััะฝะฐั ะธะณัะฐ, ััะตะฑัะตั ะพัะบัััะพะณะพ ัะตัะดัะฐ ะธ ัะผะตะปะพััะธ."
"ะัะฑะพะฒั","๐ฎะะพะดัะผะฐะน ะพ ะปัะฑะฒะธ ะบะฐะบ ะพ ะผะฐะณะธะธ, ะบะพัะพัะฐั ะฟัะตะฒัะฐัะฐะตั ะฝะฐั ะดััะณ ะฒ ะดััะณะฐ."
ะัะฑะพะฒั,๐ฎะะฝะพะณะดะฐ ะปัะฑะพะฒั ะฟัะตะฒัะฐัะฐะตััั ะฒ ะฑะพะปั.
"ะกะตะผัั","๐ฎะะต ะฑัะดั ะฟัะตะดะฒะทัััะผ, ะธ ะฑัะดะตั ะผะธั."
ะะดะฐ,๐ฎะะต ะฑะพะนัั ะพััััั ะธะฝะณัะตะดะธะตะฝัะพะฒ โ ะพะฝะธ ะดะตะปะฐัั ะตะดั ะฑะพะปะตะต ะธะฝัะตัะตัะฝะพะน.
"ะะดะพัะพะฒัะต","๐ฎะะตััะฐะน ะธ ัะผะตะนัั, ะธ ะฑัะดะตัั ะทะดะพัะพะฒ."
"ะะตะฝัะณะธ","๐ฎะะตะฝัะณะธ โ ััะพ ะฝะต ะฒัั, ะฝะพ ะฑะตะท ะฝะธั ัััะดะฝะพ ะถะธัั."
"ะะตัะธ","๐ฎะัะบััะฒะฐั ะบะฝะธะณั ะดะปั ัะตะฑัะฝะบะฐ, ะพัะบััะฒะฐะตัั ะตั ะดะปั ัะตะฑั."
"ะะดะพัะพะฒัะต","๐ฎะงัะพ ะฑั ัั ัะดะตะปะฐะป, ะตัะปะธ ะฑั ะทะฝะฐะป, ััะพ ะดะตะปะฐัั?"
"ะะฐะฑะพัะฐ","๐ฎะัะบัะพะน ะดะฒะตัะธ ะฟะตัะตะด ัะพะฑะพะน, ะธ ัั ัะทะฝะฐะตัั, ััะพ ัะตะฑะต ะฝะฐ ัะฐะผะพะผ ะดะตะปะต ะธะฝัะตัะตัะฝะพ."
"ะะตะฝัะณะธ","๐ฎะะตะฝัะณะธ โ ััะพ ะธะฝััััะผะตะฝั, ะฐ ะฝะต ะผะฐะณะธั. ะัะฟะพะปัะทัะน ะธั ัะผะตะปะพ, ััะพะฑั ะฟัะตััะฟะตัั ะฒ ะถะธะทะฝะธ."
"ะัะฑะพะฒั","๐ฎะััะธะฝะฝะฐั ะปัะฑะพะฒั ะฟัะธะดัั, ะบะพะณะดะฐ ัั ะฟะตัะตััะฐะฝะตัั ะตั ะธัะบะฐัั."
"ะะฐะฑะพัะฐ","๐ฎะกะตะนัะฐั ัะพัะพัะตะต ะฒัะตะผั ะดะปั ะฟัะพัะตััะธะพะฝะฐะปัะฝะพะณะพ ัะพััะฐ. ะะฐััะผะพััะธ ะฒะพะทะผะพะถะฝะพััั ะพะฑััะตะฝะธั."
"ะะตะฝัะณะธ","๐ฎะะตะพะถะธะดะฐะฝะฝัะต ัะธะฝะฐะฝัะพะฒัะต ะฟะพัััะฟะปะตะฝะธั ะฒะพะทะผะพะถะฝั ะฒ ะฑะปะธะถะฐะนัะตะต ะฒัะตะผั."
"ะกะตะผัั","๐ฎะัะพัะฒะธ ัะตัะฟะตะฝะธะต ะฒ ัะตะผะตะนะฝัั ะดะตะปะฐั. ะัั ะฝะฐะปะฐะดะธััั."
"ะัะฑะพะฒั","๐ฎะัะบัะพะน ัะตัะดัะต ะฝะพะฒัะผ ะทะฝะฐะบะพะผััะฒะฐะผ. ะกัะดัะฑะฐ ะณะพัะพะฒะธั ัััะฟัะธะท."
"ะะฐะฑะพัะฐ","๐ฎะะต ะฑะพะนัั ะฑัะฐัั ะฝะฐ ัะตะฑั ะพัะฒะตัััะฒะตะฝะฝะพััั. ะะฐัะธ ััะธะปะธั ะฑัะดัั ะทะฐะผะตัะตะฝั."

